Datetime,price_x,price_y,spread,z_score,beta,raw_signal,position
2025-07-15 12:00:00+00:00,1.1680878400802612,1.3448994159698486,-0.0013078051225634546,0.5879694691608283,0.5287402172684221,0,0.0
2025-07-15 13:00:00+00:00,1.1645511388778687,1.3403388261795044,-0.002865794655987741,-0.3405290658225951,0.5298382749845757,0,0.0
2025-07-15 14:00:00+00:00,1.16225004196167,1.339638590812683,-0.005455380557663869,-1.863173039363995,0.5328771133073207,1,0.0
2025-07-15 15:00:00+00:00,1.1621150970458984,1.3395847082138062,-0.006662199626645965,-2.537825786354522,0.5366811245825165,1,1.0
2025-07-15 16:00:00+00:00,1.15968918800354,1.3385447263717651,-0.010109719698309927,-4.3614047589803935,0.542767404942406,1,1.0
2025-07-15 17:00:00+00:00,1.1599582433700562,1.3385268449783325,-0.011492062331800806,-4.871682390594871,0.548328933768378,1,1.0
2025-07-15 18:00:00+00:00,1.1606314182281494,1.3390285968780518,-0.012605836851368513,-5.153027282548461,0.5534273204130408,1,1.0
2025-07-15 19:00:00+00:00,1.1603620052337646,1.3386342525482178,-0.014267474818241282,-5.590401787033816,0.5588876117486248,1,1.0
2025-07-15 20:00:00+00:00,1.160496711730957,1.338401436805725,-0.015620241669291657,-5.784590719127569,0.5642604755851477,1,1.0
2025-07-15 21:00:00+00:00,1.160496711730957,1.3384909629821777,-0.01748784040121537,-6.086736770741731,0.5705369337768678,1,1.0
2025-07-15 22:00:00+00:00,1.1607661247253418,1.3385984897613525,-0.018613552993485688,-6.028605299813648,0.5750359143909232,1,1.0
2025-07-15 23:00:00+00:00,1.1610356569290161,1.33931565284729,-0.019735096703048904,-5.952736381429466,0.5786152075443058,1,1.0
2025-07-16 00:00:00+00:00,1.161170482635498,1.3394770622253418,-0.02075472186998356,-5.839362328117794,0.5822624569032729,1,1.0
2025-07-16 01:00:00+00:00,1.1617100238800049,1.33969247341156,-0.020932423358289293,-5.506121418074446,0.5841384517061259,1,1.0
2025-07-16 02:00:00+00:00,1.16130530834198,1.33858060836792,-0.021417166991192532,-5.304559099420572,0.586269056485561,1,1.0
2025-07-16 03:00:00+00:00,1.161440134048462,1.3388673067092896,-0.021859364436660395,-5.118655846705065,0.5877519194906698,1,1.0
2025-07-16 04:00:00+00:00,1.16225004196167,1.339674472808838,-0.022160362088310293,-4.922219471535072,0.5899536775856545,1,1.0
2025-07-16 05:00:00+00:00,1.1623852252960205,1.339979648590088,-0.023011314556042384,-4.872624428701326,0.5927996356282561,1,1.0
2025-07-16 06:00:00+00:00,1.163061261177063,1.3409138917922974,-0.023894650180612376,-4.829491477481449,0.5963844155681509,1,1.0
2025-07-16 07:00:00+00:00,1.16225004196167,1.3393514156341553,-0.02472679514556414,-4.771020553047404,0.5992242108472249,1,1.0
2025-07-16 08:00:00+00:00,1.1629259586334229,1.3392080068588257,-0.02479704542420641,-4.565201070638726,0.6016749375360414,1,1.0
2025-07-16 09:00:00+00:00,1.1618449687957764,1.339674472808838,-0.02679198131812091,-4.741831014679727,0.6046001998924052,1,1.0
2025-07-16 10:00:00+00:00,1.1621150970458984,1.3406263589859009,-0.027592981466930344,-4.667360546773653,0.6066607904444978,1,1.0
2025-07-16 11:00:00+00:00,1.160496711730957,1.3399975299835205,-0.029711818267891765,-4.818268319453012,0.6101113597066127,1,1.0
2025-07-16 12:00:00+00:00,1.1603620052337646,1.3395129442214966,-0.03056297352994683,-4.729027980627121,0.6133810404207156,1,1.0
2025-07-16 13:00:00+00:00,1.1576753854751587,1.337685227394104,-0.03356839213037904,-4.973327126622023,0.6186223590825587,1,1.0
2025-07-16 14:00:00+00:00,1.1598236560821533,1.3394231796264648,-0.03356518449328233,-4.726389041093373,0.6222068962330238,1,1.0
2025-07-16 15:00:00+00:00,1.1627906560897827,1.3417595624923706,-0.0328432518942646,-4.409802754339261,0.6247531957733443,1,1.0
2025-07-16 16:00:00+00:00,1.1641442775726318,1.3422459363937378,-0.032347786597156036,-4.163608642659858,0.6262532984859616,1,1.0
2025-07-16 17:00:00+00:00,1.1645511388778687,1.342209815979004,-0.03232975656575196,-4.008574321967039,0.6274365645757101,1,1.0
2025-07-16 18:00:00+00:00,1.1631964445114136,1.3409138917922974,-0.03349981204380373,-4.022701509868139,0.6295234633205213,1,1.0
2025-07-16 19:00:00+00:00,1.163873314857483,1.341795563697815,-0.033986428885524916,-3.944782342721681,0.6317498176534286,1,1.0
2025-07-16 20:00:00+00:00,1.1642799377441406,1.342065691947937,-0.034420776517336577,-3.865872984020444,0.6339811725625367,1,1.0
2025-07-16 21:00:00+00:00,1.1637378931045532,1.3419936895370483,-0.035435657233895884,-3.8613544872217758,0.6359638749333464,1,1.0
2025-07-16 22:00:00+00:00,1.1640088558197021,1.3414536714553833,-0.035205732109736654,-3.710002911653138,0.6368450525516214,1,1.0
2025-07-16 23:00:00+00:00,1.163873314857483,1.3410937786102295,-0.03543922067172528,-3.624227929193721,0.6378260817912466,1,1.0
2025-07-17 00:00:00+00:00,1.1626555919647217,1.339979648590088,-0.036670979016923094,-3.654569474819678,0.6402693904393693,1,1.0
2025-07-17 01:00:00+00:00,1.1631964445114136,1.3405364751815796,-0.036867930952195066,-3.567951802286126,0.6416206833511069,1,1.0
2025-07-17 02:00:00+00:00,1.16225004196167,1.3388673067092896,-0.03675960575503026,-3.455782914392908,0.641199651747683,1,1.0
2025-07-17 03:00:00+00:00,1.16225004196167,1.3393514156341553,-0.036893726545612654,-3.3774650655201426,0.6408653336646511,1,1.0
2025-07-17 04:00:00+00:00,1.1627906560897827,1.3396027088165283,-0.036291392990814186,-3.2298997884585265,0.6399845169544547,1,1.0
2025-07-17 05:00:00+00:00,1.1619800329208374,1.3393874168395996,-0.036570394980197596,-3.1810510531024705,0.6389047721293292,1,1.0
2025-07-17 06:00:00+00:00,1.1586142778396606,1.3382223844528198,-0.039331167226773545,-3.375916423574183,0.6403325687605389,1,1.0
2025-07-17 07:00:00+00:00,1.1595547199249268,1.3384909629821777,-0.03872164896753155,-3.231955524532942,0.6405841527637491,1,1.0
2025-07-17 08:00:00+00:00,1.1603620052337646,1.3409678936004639,-0.03923537673901459,-3.2034877586469106,0.6406705815873219,1,1.0
2025-07-17 09:00:00+00:00,1.1594202518463135,1.3397821187973022,-0.03956513975522227,-3.159142977776314,0.6409598239886448,1,1.0
2025-07-17 10:00:00+00:00,1.1588828563690186,1.3399616479873657,-0.04034492847137949,-3.1573964460874393,0.6417467799044608,1,1.0
2025-07-17 11:00:00+00:00,1.1579434871673584,1.3394231796264648,-0.041349932054512734,-3.1738544500074726,0.6432935727118657,1,1.0
2025-07-17 12:00:00+00:00,1.159151554107666,1.3403747081756592,-0.04098339672780371,-3.068526217210097,0.6440424152275501,1,1.0
2025-07-17 13:00:00+00:00,1.1590172052383423,1.3400155305862427,-0.041107295627000856,-3.011898128758885,0.6446594529099374,1,1.0
2025-07-17 14:00:00+00:00,1.159151554107666,1.3410038948059082,-0.04151277952891236,-2.982378821335722,0.6448165079831771,1,1.0
2025-07-17 15:00:00+00:00,1.1599582433700562,1.3412556648254395,-0.040868540615412535,-2.86653516978953,0.6445794509022266,1,1.0
2025-07-17 16:00:00+00:00,1.1590172052383423,1.340105414390564,-0.04123139519482136,-2.839972928464837,0.6449356608424444,1,1.0
2025-07-17 17:00:00+00:00,1.1588828563690186,1.3403927087783813,-0.041678301071760626,-2.8210201925683687,0.6455935441344808,1,1.0
2025-07-17 18:00:00+00:00,1.1587486267089844,1.3410038948059082,-0.04235156662076009,-2.8204220915807126,0.6464902988230895,1,1.0
2025-07-17 19:00:00+00:00,1.1602274179458618,1.3420296907424927,-0.041513756732146884,-2.7003335666913,0.6462973303360533,1,1.0
2025-07-17 20:00:00+00:00,1.1599582433700562,1.341705560684204,-0.04146324929296383,-2.647884624594842,0.6458672385658276,1,1.0
2025-07-17 21:00:00+00:00,1.160092830657959,1.3417775630950928,-0.041236425875551486,-2.5841294669194426,0.6453724623213772,1,1.0
2025-07-17 22:00:00+00:00,1.1621150970458984,1.3430029153823853,-0.03978737093361823,-2.4297460007614693,0.644367119069474,1,1.0
2025-07-17 23:00:00+00:00,1.1618449687957764,1.3431291580200195,-0.039855410849759854,-2.3971029071911834,0.643604411610067,1,1.0
2025-07-18 00:00:00+00:00,1.1627906560897827,1.3432012796401978,-0.0387143155601504,-2.2748448645266066,0.6423774171722823,1,1.0
2025-07-18 01:00:00+00:00,1.1631964445114136,1.3436164855957031,-0.03833356632976498,-2.2139376917628253,0.6415974632868363,1,1.0
2025-07-18 02:00:00+00:00,1.1633317470550537,1.3437970876693726,-0.03846359185697054,-2.1927747340780566,0.6421392714183186,1,1.0
2025-07-18 03:00:00+00:00,1.1627906560897827,1.3430390357971191,-0.03855716546644036,-2.1696209276406786,0.6421076854282429,1,1.0
2025-07-18 04:00:00+00:00,1.16225004196167,1.342480182647705,-0.039040395761937824,-2.1753478406236866,0.6430768514935651,1,1.0
2025-07-18 05:00:00+00:00,1.1619800329208374,1.3416695594787598,-0.03913169921658144,-2.1523781762728964,0.6439185372001085,1,1.0
2025-07-18 06:00:00+00:00,1.162520408630371,1.3432193994522095,-0.039778565017755285,-2.1696989938392184,0.645167080759258,1,1.0
2025-07-18 07:00:00+00:00,1.1631964445114136,1.3430570363998413,-0.039277254195607986,-2.1048372035506935,0.6457028902695113,1,1.0
2025-07-18 08:00:00+00:00,1.163873314857483,1.3437248468399048,-0.03916690201671222,-2.069640590099629,0.6462119517484113,1,1.0
2025-07-18 09:00:00+00:00,1.1637378931045532,1.3441402912139893,-0.039732176712193895,-2.0826403707892873,0.647054382182594,1,1.0
2025-07-18 10:00:00+00:00,1.1644154787063599,1.345279335975647,-0.039843018328842184,-2.0635336295442,0.6475426803389707,1,1.0
2025-07-18 11:00:00+00:00,1.164686679840088,1.3457682132720947,-0.03994855973638295,-2.044557492070214,0.6478900149117521,1,1.0
2025-07-18 12:00:00+00:00,1.1659088134765625,1.3457863330841064,-0.03891069747754655,-1.9480188405448615,0.6478973832025946,1,1.0
2025-07-18 13:00:00+00:00,1.1669973134994507,1.3465656042099,-0.03820862536107428,-1.8772178775330897,0.6474135958830148,1,1.0
2025-07-18 14:00:00+00:00,1.1650937795639038,1.3443571329116821,-0.03870871749796034,-1.8896089840251136,0.6471780627209865,1,1.0
2025-07-18 15:00:00+00:00,1.164686679840088,1.343742847442627,-0.03866840683221989,-1.8652273148301888,0.6468599178202495,1,1.0
2025-07-18 16:00:00+00:00,1.1631964445114136,1.3419395685195923,-0.038999250700265525,-1.8662228168086894,0.646585080594328,1,1.0
2025-07-18 17:00:00+00:00,1.163061261177063,1.3420296907424927,-0.0390371563954342,-1.8476586957592127,0.6461712561150803,1,1.0
2025-07-18 18:00:00+00:00,1.1626555919647217,1.3417235612869263,-0.03909351403739045,-1.8307538302724935,0.6456777007644192,1,1.0
2025-07-18 19:00:00+00:00,1.162520408630371,1.3414536714553833,-0.03889948069164617,-1.7977963713836769,0.6450635160747449,1,1.0
2025-07-18 20:00:00+00:00,1.1626555919647217,1.3412017822265625,-0.03847857426465215,-1.7508021798494398,0.644438473158733,1,1.0
2025-07-18 21:00:00+00:00,1.1618449687957764,1.342227816581726,-0.039765747696954595,-1.815921066549662,0.6447676917735117,1,1.0
2025-07-20 23:00:00+00:00,1.1633317470550537,1.3415435552597046,-0.03789142980007312,-1.6748333375388114,0.6438600551044987,1,1.0
2025-07-21 00:00:00+00:00,1.16225004196167,1.3404287099838257,-0.03791926932403111,-1.6597087659040268,0.6426069529170406,1,1.0
2025-07-21 01:00:00+00:00,1.1621150970458984,1.3413456678390503,-0.03813941944328744,-1.6572384398994042,0.6414648463329431,1,1.0
2025-07-21 02:00:00+00:00,1.162520408630371,1.3412736654281616,-0.03755569027097194,-1.6032924250668614,0.6407817002931941,1,1.0
2025-07-21 03:00:00+00:00,1.1627906560897827,1.3416515588760376,-0.03719188068829693,-1.5645043172893411,0.6397205293273612,1,1.0
2025-07-21 04:00:00+00:00,1.1631964445114136,1.3419395685195923,-0.036429837746052296,-1.501174706841147,0.6378490278249219,1,1.0
2025-07-21 05:00:00+00:00,1.163602590560913,1.3424079418182373,-0.03572888755404416,-1.4428671505275743,0.6358982520493288,0,1.0
2025-07-21 06:00:00+00:00,1.1644154787063599,1.3443571329116821,-0.035370034418566704,-1.407217903164274,0.633927548504635,0,1.0
2025-07-21 07:00:00+00:00,1.164686679840088,1.3445558547973633,-0.03472735814439967,-1.3541712315309535,0.6322269159171131,0,1.0
2025-07-21 08:00:00+00:00,1.1645511388778687,1.3451708555221558,-0.03464757181074907,-1.337457855653112,0.6305903255628571,0,1.0
2025-07-21 09:00:00+00:00,1.1648223400115967,1.3458588123321533,-0.034215588408826186,-1.2987900668863432,0.6288344606526947,0,1.0
2025-07-21 10:00:00+00:00,1.1648223400115967,1.345750093460083,-0.033703833943637074,-1.255632813845809,0.6272821704447846,0,1.0
2025-07-21 11:00:00+00:00,1.1671334505081177,1.3478542566299438,-0.032075264360707234,-1.1428023767448603,0.6251835236001176,0,1.0
2025-07-21 12:00:00+00:00,1.1668611764907837,1.3480178117752075,-0.03179131353096554,-1.1157627787729945,0.6231974195804512,0,1.0
2025-07-21 13:00:00+00:00,1.1668611764907837,1.3470189571380615,-0.030580381676083346,-1.030733965720515,0.6206831569528947,0,1.0
2025-07-21 14:00:00+00:00,1.1701380014419556,1.3493820428848267,-0.028061709475106833,-0.8641391339468936,0.6180057232233223,0,1.0
2025-07-21 15:00:00+00:00,1.170823097229004,1.3496551513671875,-0.026913528075743015,-0.7849519300237966,0.6157114407185625,0,1.0
2025-07-21 16:00:00+00:00,1.1704120635986328,1.349545955657959,-0.026547378010583822,-0.7555175807593366,0.6134848586092957,0,1.0
2025-07-21 17:00:00+00:00,1.1694538593292236,1.348690390586853,-0.026221192283250455,-0.7287414499273175,0.6109570307257371,0,1.0
2025-07-21 18:00:00+00:00,1.1695905923843384,1.3490543365478516,-0.025505895303915116,-0.6774947243263477,0.6084078693842894,0,1.0
2025-07-21 19:00:00+00:00,1.1693171262741089,1.348435878753662,-0.02455785936120125,-0.6117037961173067,0.6053875993591943,0,1.0
2025-07-21 20:00:00+00:00,1.169864296913147,1.349400281906128,-0.023993640842749298,-0.5705532629359821,0.6036215763612639,0,1.0
2025-07-21 21:00:00+00:00,1.1697274446487427,1.349127173423767,-0.023576819924100018,-0.5389412999088183,0.6022469981177595,0,1.0
2025-07-21 22:00:00+00:00,1.1697274446487427,1.3489633798599243,-0.023318530183229186,-0.5176045192774906,0.6016284022986621,0,1.0
2025-07-21 23:00:00+00:00,1.1697274446487427,1.348945140838623,-0.023215161219693276,-0.5062240312201329,0.6013102361069761,0,1.0
2025-07-22 00:00:00+00:00,1.1691803932189941,1.3483812808990479,-0.023403740609176743,-0.5134777025415325,0.6012172176618151,0,1.0
2025-07-22 01:00:00+00:00,1.1691803932189941,1.348090410232544,-0.023323091883829,-0.5036131539477781,0.601381465004836,0,1.0
2025-07-22 02:00:00+00:00,1.1694538593292236,1.3482722043991089,-0.023421561439190663,-0.5052675748506125,0.6022222446977188,0,1.0
2025-07-22 03:00:00+00:00,1.1690436601638794,1.347981333732605,-0.02374898266903369,-0.5213847994551597,0.602579011038045,0,1.0
2025-07-22 04:00:00+00:00,1.1691803932189941,1.3477815389633179,-0.023685180238320558,-0.5125210738761838,0.6030563673020543,0,1.0
2025-07-22 05:00:00+00:00,1.1691803932189941,1.3474546670913696,-0.0237905244508802,-0.5145124914419897,0.6039001099170208,0,1.0
2025-07-22 06:00:00+00:00,1.1694538593292236,1.347182273864746,-0.024062335111022015,-0.5274349175656418,0.6060066198250739,0,1.0
2025-07-22 07:00:00+00:00,1.1689070463180542,1.3467469215393066,-0.024800531099165107,-0.5698932785333559,0.6075732530934401,0,1.0
2025-07-22 08:00:00+00:00,1.1701380014419556,1.3489997386932373,-0.025171581405175142,-0.5885934019943603,0.6089364406069985,0,1.0
2025-07-22 09:00:00+00:00,1.170823097229004,1.349582314491272,-0.025213590732983793,-0.5861635519209055,0.6101519500401513,0,1.0
2025-07-22 10:00:00+00:00,1.170548915863037,1.3478723764419556,-0.025122636469196158,-0.5753637139858638,0.6116539917065846,0,1.0
2025-07-22 11:00:00+00:00,1.170548915863037,1.3487632274627686,-0.026107979169414736,-0.6333326498109503,0.6135966327571714,0,1.0
2025-07-22 12:00:00+00:00,1.1693171262741089,1.34816312789917,-0.026933018436000322,-0.6805484420694989,0.6137480438526308,0,1.0
2025-07-22 13:00:00+00:00,1.1706860065460205,1.348617672920227,-0.0260812605618036,-0.620390572067778,0.6141202791312828,0,1.0
2025-07-22 14:00:00+00:00,1.1726078987121582,1.3502748012542725,-0.02539690660847263,-0.5711336798054795,0.6147923777321025,0,1.0
2025-07-22 15:00:00+00:00,1.1752262115478516,1.3519724607467651,-0.024598969593513986,-0.5147996001669807,0.6169809523466091,0,1.0
2025-07-22 16:00:00+00:00,1.1759172677993774,1.353051781654358,-0.02546994576197356,-0.5656847899308567,0.6201773292470393,0,1.0
2025-07-22 17:00:00+00:00,1.1749500036239624,1.3523015975952148,-0.02654846906653227,-0.6296179376398703,0.622163919774981,0,1.0
2025-07-22 18:00:00+00:00,1.1750881671905518,1.3527222871780396,-0.027433353130494803,-0.6808864485301013,0.6248415009515478,0,1.0
2025-07-22 19:00:00+00:00,1.1756407022476196,1.3532898426055908,-0.028367605355906683,-0.7351187316843127,0.628617026958678,0,1.0
2025-07-22 20:00:00+00:00,1.1757789850234985,1.3534914255142212,-0.029304889421928187,-0.7891974782332067,0.6317928110218827,0,1.0
2025-07-22 21:00:00+00:00,1.175364375114441,1.3528138399124146,-0.029793934091065233,-0.8141246065783445,0.633290972066446,0,1.0
2025-07-22 22:00:00+00:00,1.1752262115478516,1.352630853652954,-0.030108821889921922,-0.8277144923191041,0.634227892631875,0,1.0
2025-07-22 23:00:00+00:00,1.1741223335266113,1.3521004915237427,-0.03095850651251439,-0.8756109246442763,0.6347539192921674,0,1.0
2025-07-23 00:00:00+00:00,1.1750881671905518,1.3527590036392212,-0.030911535360988174,-0.8655772669036966,0.6362969568097754,0,1.0
2025-07-23 01:00:00+00:00,1.1739845275878906,1.352338194847107,-0.0320732229559727,-0.9333474000097258,0.6376884965778342,0,1.0
2025-07-23 02:00:00+00:00,1.17384672164917,1.351990818977356,-0.032505494979061106,-0.9537397522040427,0.639275834458621,0,1.0
2025-07-23 03:00:00+00:00,1.1742602586746216,1.3527772426605225,-0.03312231668428714,-0.9858401920338626,0.6412526271999002,0,1.0
2025-07-23 04:00:00+00:00,1.17384672164917,1.3527222871780396,-0.03414122233320632,-1.0434987903277544,0.6435455192099668,0,1.0
2025-07-23 05:00:00+00:00,1.1732958555221558,1.3522651195526123,-0.03514257298200896,-1.0994708909540374,0.6460290675210496,0,1.0
2025-07-23 06:00:00+00:00,1.1745359897613525,1.3532898426055908,-0.03557423127285522,-1.1183638414864503,0.6493301417867685,0,1.0
2025-07-23 07:00:00+00:00,1.1745359897613525,1.354316234588623,-0.03694541257185652,-1.1971875681612678,0.6522279268315633,0,1.0
2025-07-23 08:00:00+00:00,1.1735711097717285,1.354169487953186,-0.03841314391017345,-1.2812293793549263,0.6545913775105222,0,1.0
2025-07-23 09:00:00+00:00,1.17384672164917,1.3545364141464233,-0.039110286488222734,-1.315044598873044,0.6570781021643759,0,1.0
2025-07-23 10:00:00+00:00,1.1728830337524414,1.3537112474441528,-0.04014993282006532,-1.3701659346533974,0.6591211909449449,0,1.0
2025-07-23 11:00:00+00:00,1.1728830337524414,1.3540045022964478,-0.040821989430262384,-1.4011569536982549,0.6608676276624823,0,1.0
2025-07-23 12:00:00+00:00,1.1727453470230103,1.3543895483016968,-0.04163433880512685,-1.440549665363866,0.6625391008817494,0,1.0
2025-07-23 13:00:00+00:00,1.1731581687927246,1.3546648025512695,-0.0420175535325229,-1.452171415313947,0.664517433829002,0,1.0
2025-07-23 14:00:00+00:00,1.1737089157104492,1.356042504310608,-0.042856558796424,-1.492306818145929,0.6665953669549884,0,1.0
2025-07-23 15:00:00+00:00,1.1755025386810303,1.3570362329483032,-0.04291986017587479,-1.482965246147941,0.6702048599764459,0,1.0
2025-07-23 16:00:00+00:00,1.175364375114441,1.3561160564422607,-0.04372088458629961,-1.5199665382358094,0.6739408894140391,1,1.0
2025-07-23 17:00:00+00:00,1.1763322353363037,1.3568521738052368,-0.04467363526948476,-1.565700796731772,0.6785617713435078,1,1.0
2025-07-23 18:00:00+00:00,1.1775789260864258,1.3579760789871216,-0.04604436433522735,-1.6365052324312341,0.6846669194016132,1,1.0
2025-07-23 19:00:00+00:00,1.1775789260864258,1.3582342863082886,-0.047946263969068564,-1.7386714686484734,0.6904533735050056,1,1.0
2025-07-23 20:00:00+00:00,1.1775789260864258,1.3580683469772339,-0.04973246310203441,-1.8312205775907693,0.6965650457726942,1,1.0
2025-07-23 21:00:00+00:00,1.1773016452789307,1.3581604957580566,-0.05195565911690586,-1.9476827807951456,0.7029036322285649,1,1.0
2025-07-23 22:00:00+00:00,1.1777175664901733,1.358437180519104,-0.05405481100307305,-2.0528612371619044,0.7104417606370974,1,1.0
2025-07-23 23:00:00+00:00,1.1777175664901733,1.3579576015472412,-0.05604059521194399,-2.14752787898847,0.7177514792786386,1,1.0
2025-07-24 00:00:00+00:00,1.177163004875183,1.3574045896530151,-0.05836335959307193,-2.2583614099687632,0.7247681985760219,1,1.0
2025-07-24 01:00:00+00:00,1.1778563261032104,1.358363389968872,-0.060647392205352924,-2.3618723836357347,0.7324770699092455,1,1.0
2025-07-24 02:00:00+00:00,1.177994966506958,1.3581236600875854,-0.06307339524327271,-2.4689142063089062,0.741209341340444,1,1.0
2025-07-24 03:00:00+00:00,1.1778563261032104,1.3579022884368896,-0.06535150119369454,-2.561827380740287,0.7486657863006526,1,1.0
2025-07-24 04:00:00+00:00,1.1777175664901733,1.3580129146575928,-0.06751757460090171,-2.643410066306087,0.7551596523824838,1,1.0
2025-07-24 05:00:00+00:00,1.1774401664733887,1.35792076587677,-0.06978825890207252,-2.725499270903192,0.7619788314216913,1,1.0
2025-07-24 06:00:00+00:00,1.1761938333511353,1.3563551902770996,-0.07187502837899037,-2.7919911445712735,0.768234407391847,1,1.0
2025-07-24 07:00:00+00:00,1.1764705181121826,1.356042504310608,-0.07354569112741996,-2.831222504684223,0.7750735359029701,1,1.0
2025-07-24 08:00:00+00:00,1.1760554313659668,1.3543895483016968,-0.07480103015812054,-2.8453927481948136,0.7811648650007678,1,1.0
2025-07-24 09:00:00+00:00,1.1755025386810303,1.3547749519348145,-0.077304332030388,-2.923424828951492,0.7871286331012158,1,1.0
2025-07-24 10:00:00+00:00,1.1752262115478516,1.3539679050445557,-0.0785196286470963,-2.9292344953249443,0.7919109608453802,1,1.0
2025-07-24 11:00:00+00:00,1.1759172677993774,1.3551421165466309,-0.08030000617266086,-2.96244194880165,0.7974447296139973,1,1.0
2025-07-24 12:00:00+00:00,1.1739845275878906,1.3536745309829712,-0.08237558032294443,-3.007357704184237,0.8017201701457493,1,1.0
2025-07-24 13:00:00+00:00,1.1774401664733887,1.3552522659301758,-0.08212676929615867,-2.9342719427942114,0.8074983713068727,1,1.0
2025-07-24 14:00:00+00:00,1.177024483680725,1.354224443435669,-0.08376218036363306,-2.956659773906892,0.8137476034238877,1,1.0
2025-07-24 15:00:00+00:00,1.176885962486267,1.3524662256240845,-0.0847621141887282,-2.9461378280694244,0.8201710550231162,1,1.0
2025-07-24 16:00:00+00:00,1.1766090393066406,1.3509496450424194,-0.08591183289662213,-2.9424921511818796,0.8262699654445875,1,1.0
2025-07-24 17:00:00+00:00,1.1773016452789307,1.3518811464309692,-0.08806505941920173,-2.9846435256936927,0.8334745765951465,1,1.0
2025-07-24 18:00:00+00:00,1.177024483680725,1.3517532348632812,-0.09038817654123074,-3.030713996496233,0.8406627510330839,1,1.0
2025-07-24 19:00:00+00:00,1.1761938333511353,1.350785493850708,-0.09257254942424303,-3.0663053537748737,0.8475817972647234,1,1.0
2025-07-24 20:00:00+00:00,1.1755025386810303,1.3507671356201172,-0.09561358773055056,-3.135588259131228,0.8557789043981734,1,1.0
2025-07-24 21:00:00+00:00,1.1750881671905518,1.3512235879898071,-0.09877775968449468,-3.2035866933235657,0.8641589009181475,1,1.0
2025-07-24 22:00:00+00:00,1.1756407022476196,1.350694179534912,-0.1006704288901954,-3.211029090426821,0.8731450667880684,1,1.0
2025-07-24 23:00:00+00:00,1.1757789850234985,1.3509132862091064,-0.10353246072766742,-3.256684660856759,0.8825805738554215,1,1.0
2025-07-25 00:00:00+00:00,1.1757789850234985,1.3507671356201172,-0.10601024901932399,-3.2816015128073937,0.8911389728721303,1,1.0
2025-07-25 01:00:00+00:00,1.1746740341186523,1.350001335144043,-0.10858610160043086,-3.306503249914947,0.8982731731924761,1,1.0
2025-07-25 02:00:00+00:00,1.1741223335266113,1.3493638038635254,-0.11015908020466661,-3.288747774273304,0.9033711082119882,1,1.0
2025-07-25 03:00:00+00:00,1.1746740341186523,1.3494912385940552,-0.111486135905492,-3.261189376326574,0.9090813514665333,1,1.0
2025-07-25 04:00:00+00:00,1.1743981838226318,1.349127173423767,-0.11364649331825591,-3.265180465829569,0.9163303956367711,1,1.0
2025-07-25 05:00:00+00:00,1.1750881671905518,1.3504389524459839,-0.1167938413185525,-3.303577474813405,0.9257973884449678,1,1.0
2025-07-25 06:00:00+00:00,1.1752262115478516,1.3490360975265503,-0.11838665948308266,-3.2811698250242487,0.9347239230595947,1,1.0
2025-07-25 07:00:00+00:00,1.1756407022476196,1.3469464778900146,-0.11904967429751967,-3.22629882289748,0.9429989212736943,1,1.0
2025-07-25 08:00:00+00:00,1.1746740341186523,1.3463118076324463,-0.12190227902212963,-3.250347716723848,0.9513200909254852,1,1.0
2025-07-25 09:00:00+00:00,1.17384672164917,1.34645676612854,-0.1253324577227156,-3.2905367208921192,0.9601383180929681,1,1.0
2025-07-25 10:00:00+00:00,1.1730204820632935,1.3460400104522705,-0.12835409540754641,-3.3122577827007227,0.9689372258800576,1,1.0
2025-07-25 11:00:00+00:00,1.1724703311920166,1.3450984954833984,-0.13045218168862474,-3.300524319446219,0.9767187013055102,1,1.0
2025-07-25 12:00:00+00:00,1.172195553779602,1.3434540033340454,-0.13159531876649733,-3.2576944190161803,0.9838436591480155,1,1.0
2025-07-25 13:00:00+00:00,1.1726078987121582,1.3437970876693726,-0.13377786035483838,-3.2493646379264645,0.9915696832283031,1,1.0
2025-07-25 14:00:00+00:00,1.173433542251587,1.3431833982467651,-0.13404867799724815,-3.1810678099807115,0.9964083603159942,1,1.0
2025-07-25 15:00:00+00:00,1.1732958555221558,1.3427865505218506,-0.13537725392553226,-3.1487688635159774,1.0015167007901549,1,1.0
2025-07-25 16:00:00+00:00,1.1732958555221558,1.342065691947937,-0.13594054132626307,-3.094855744518585,1.0052592106718934,1,1.0
2025-07-25 17:00:00+00:00,1.1741223335266113,1.342984914779663,-0.1378759145909668,-3.0840611721832656,1.01187592747717,1,1.0
2025-07-25 18:00:00+00:00,1.1749500036239624,1.3436707258224487,-0.1395727952234919,-3.066019938052474,1.0182568725619985,1,1.0
2025-07-25 19:00:00+00:00,1.1748120784759521,1.3437789678573608,-0.1421983909753259,-3.0744354342852724,1.026467678726024,1,1.0
2025-07-25 20:00:00+00:00,1.1745359897613525,1.343742847442627,-0.14311050012687063,-3.0336551789894433,1.0288526683023778,1,1.0
2025-07-25 21:00:00+00:00,1.1743981838226318,1.3438512086868286,-0.14426903287289786,-3.001654678351997,1.0320949863679483,1,1.0
2025-07-27 23:00:00+00:00,1.1759172677993774,1.343742847442627,-0.1433798143196503,-2.9155201217892555,1.033742158724016,1,1.0
2025-07-28 00:00:00+00:00,1.176747441291809,1.3443571329116821,-0.14409959990225654,-2.8772218210372085,1.036962849862546,1,1.0
2025-07-28 01:00:00+00:00,1.1756407022476196,1.343706727027893,-0.14469270999202427,-2.8373253686206708,1.037484016311986,1,1.0
2025-07-28 02:00:00+00:00,1.1759172677993774,1.3439595699310303,-0.14403791338011324,-2.766880042435091,1.035404385573537,1,1.0
2025-07-28 03:00:00+00:00,1.1759172677993774,1.3442305326461792,-0.14384309903977938,-2.7117251229419743,1.0340402310305319,1,1.0
2025-07-28 04:00:00+00:00,1.1750881671905518,1.3436886072158813,-0.14329327619990603,-2.6501914257247896,1.0312029610061313,1,1.0
2025-07-28 05:00:00+00:00,1.1743981838226318,1.3427865505218506,-0.1422052639143159,-2.577877470739705,1.0278683992509092,1,1.0
2025-07-28 06:00:00+00:00,1.1726078987121582,1.3420838117599487,-0.14201219455734151,-2.531198122836025,1.0238558338305326,1,1.0
2025-07-28 07:00:00+00:00,1.1679514646530151,1.3408241271972656,-0.14452338884930963,-2.553097876619138,1.022129618705185,1,1.0
2025-07-28 08:00:00+00:00,1.1682243347167969,1.34217369556427,-0.14543918661285601,-2.53451355823262,1.0225411975929235,1,1.0
2025-07-28 09:00:00+00:00,1.1669973134994507,1.3414356708526611,-0.14605989835695585,-2.509280274108207,1.0229914311216681,1,1.0
2025-07-28 10:00:00+00:00,1.1663167476654053,1.342065691947937,-0.14723031916583773,-2.498104428156035,1.0233541877477301,1,1.0
2025-07-28 11:00:00+00:00,1.1653653383255005,1.3426424264907837,-0.14872816912481024,-2.494902282691392,1.0241758713398528,1,1.0
2025-07-28 12:00:00+00:00,1.16604483127594,1.3436886072158813,-0.14920521662051706,-2.4675398188134916,1.0250635210221373,1,1.0
2025-07-28 13:00:00+00:00,1.1637378931045532,1.3416695594787598,-0.15022640875008678,-2.4536529102821003,1.0270444945624486,1,1.0
2025-07-28 14:00:00+00:00,1.1641442775726318,1.341381549835205,-0.15002692557312905,-2.4120926990086087,1.0283048153690764,1,1.0
2025-07-28 15:00:00+00:00,1.16130530834198,1.3392258882522583,-0.15140351368632377,-2.4079979880377937,1.0303206106631926,1,1.0
2025-07-28 16:00:00+00:00,1.1602274179458618,1.3379716873168945,-0.1518058649418227,-2.3817180767682333,1.0318287719588222,1,1.0
2025-07-28 17:00:00+00:00,1.1594202518463135,1.335951805114746,-0.1511042691853382,-2.331555762720907,1.032385846131936,1,1.0
2025-07-28 18:00:00+00:00,1.1598236560821533,1.3352917432785034,-0.14990055653865222,-2.2719882952665005,1.0311905010584725,1,1.0
2025-07-28 19:00:00+00:00,1.1594202518463135,1.335505723953247,-0.15026392985822784,-2.2492353379150507,1.0306729334624778,1,1.0
2025-07-28 20:00:00+00:00,1.159151554107666,1.335559368133545,-0.15047103144999072,-2.223718480549378,1.0304445735294885,1,1.0
2025-07-28 21:00:00+00:00,1.1594202518463135,1.335862636566162,-0.15061449858781534,-2.1976958630095282,1.0309324814212715,1,1.0
2025-07-28 22:00:00+00:00,1.15968918800354,1.336094617843628,-0.15059299207888985,-2.1688706371204893,1.0310408897703225,1,1.0
2025-07-28 23:00:00+00:00,1.1599582433700562,1.3360588550567627,-0.15028173858838176,-2.134732152398532,1.0308625267630172,1,1.0
2025-07-29 00:00:00+00:00,1.1588828563690186,1.3346322774887085,-0.14995890443443524,-2.1014061355770526,1.030346122043332,1,1.0
2025-07-29 01:00:00+00:00,1.1592857837677002,1.3348817825317383,-0.1495996389119659,-2.0682407458039322,1.0296390186944224,1,1.0
2025-07-29 02:00:00+00:00,1.160092830657959,1.3356841802597046,-0.1492664695242463,-2.036585344200163,1.0287546214039835,1,1.0
2025-07-29 03:00:00+00:00,1.1587486267089844,1.3342229127883911,-0.149116760733018,-2.0096395485774634,1.0281200140626994,1,1.0
2025-07-29 04:00:00+00:00,1.1590172052383423,1.334917426109314,-0.14925911415746165,-1.989708214065184,1.0275629244609947,1,1.0
2025-07-29 05:00:00+00:00,1.1582117080688477,1.334935188293457,-0.1502069803967295,-1.9870734450220615,1.02839014318401,1,1.0
2025-07-29 06:00:00+00:00,1.1539349555969238,1.332800269126892,-0.15352742880461018,-2.0336216008069368,1.0328006288937726,1,1.0
2025-07-29 07:00:00+00:00,1.1556684970855713,1.3332089185714722,-0.1529410501616729,-1.9979541027403558,1.0348805535248904,1,1.0
2025-07-29 08:00:00+00:00,1.157273530960083,1.334294080734253,-0.15278054757977846,-1.972119911020535,1.0362167903343056,1,1.0
2025-07-29 09:00:00+00:00,1.1579434871673584,1.335220456123352,-0.15334859646046536,-1.9618638031920521,1.0376959308530902,1,1.0
2025-07-29 10:00:00+00:00,1.1576753854751587,1.3352560997009277,-0.154091993217433,-1.9553682931988687,1.0393704303740188,1,1.0
2025-07-29 11:00:00+00:00,1.1544678211212158,1.333991527557373,-0.1571377969196206,-1.9956462741666119,1.0437291624294944,1,1.0
2025-07-29 12:00:00+00:00,1.1531364917755127,1.331788420677185,-0.15776363603670843,-1.9859116670539123,1.0479073143625794,1,1.0
2025-07-29 13:00:00+00:00,1.155001163482666,1.3325515985488892,-0.15732903698392767,-1.9550854350449054,1.049930367823797,1,1.0
2025-07-29 14:00:00+00:00,1.1526048183441162,1.332800269126892,-0.16118890633724386,-2.010923470349382,1.0554547156719811,1,1.0
2025-07-29 15:00:00+00:00,1.15340256690979,1.3338490724563599,-0.16278527235813556,-2.020022089380941,1.0605160917970815,1,1.0
2025-07-29 16:00:00+00:00,1.1546010971069336,1.3340270519256592,-0.16293773397543335,-2.000283921153447,1.064157803299825,1,1.0
2025-07-29 17:00:00+00:00,1.1544678211212158,1.3339736461639404,-0.1641198090840158,-2.0013592262515254,1.0680071664484656,1,1.0
2025-07-29 18:00:00+00:00,1.1552680730819702,1.3354700803756714,-0.16572125685543898,-2.010535438904434,1.0717992300654795,1,1.0
2025-07-29 19:00:00+00:00,1.155401587486267,1.3358268737792969,-0.16692942297870372,-2.011778253151008,1.0753820888114454,1,1.0
2025-07-29 20:00:00+00:00,1.1548677682876587,1.3350956439971924,-0.16786387686177068,-2.007551227632811,1.079053852516727,1,1.0
2025-07-29 21:00:00+00:00,1.1552680730819702,1.3350778818130493,-0.16829657140071064,-1.9937470458285935,1.0818000212623744,1,1.0
2025-07-29 22:00:00+00:00,1.155401587486267,1.3353809118270874,-0.16924875820701074,-1.9902679955466618,1.0846429976979601,1,1.0
2025-07-29 23:00:00+00:00,1.155401587486267,1.33539879322052,-0.17003345140863302,-1.983574418109127,1.0873058248252676,1,1.0
2025-07-30 00:00:00+00:00,1.157139539718628,1.3366124629974365,-0.17002573297896578,-1.961905064806476,1.0890553549373994,1,1.0
2025-07-30 01:00:00+00:00,1.156738042831421,1.3357733488082886,-0.1701646915154388,-1.9434740118319325,1.0906989549274442,1,1.0
2025-07-30 02:00:00+00:00,1.1566041707992554,1.3359695672988892,-0.17096560481969272,-1.9380775982398162,1.0925113302330398,1,1.0
2025-07-30 03:00:00+00:00,1.1564704179763794,1.3359695672988892,-0.17186204539148733,-1.934403754663312,1.095206899104141,1,1.0
2025-07-30 04:00:00+00:00,1.1555349826812744,1.3350600004196167,-0.17256877955121908,-1.9269374826202903,1.097433513106733,1,1.0
2025-07-30 05:00:00+00:00,1.1552680730819702,1.334810495376587,-0.17324002143651435,-1.9188334920300254,1.0996681752897615,1,1.0
2025-07-30 06:00:00+00:00,1.1560693979263306,1.3365052938461304,-0.1744173873856088,-1.9199587438673702,1.1013071490352098,1,1.0
2025-07-30 07:00:00+00:00,1.1556684970855713,1.3361839056015015,-0.17507175734555128,-1.9111833857990606,1.1032821587198496,1,1.0
2025-07-30 08:00:00+00:00,1.1560693979263306,1.3369340896606445,-0.17596256661275794,-1.9068401641220172,1.1054117831581192,1,1.0
2025-07-30 09:00:00+00:00,1.155401587486267,1.338114857673645,-0.1783670200759443,-1.9301466321917502,1.1083327696745697,1,1.0
2025-07-30 10:00:00+00:00,1.1544678211212158,1.3365589380264282,-0.1788911105900443,-1.9183159130989633,1.111797369906229,1,1.0
2025-07-30 11:00:00+00:00,1.15340256690979,1.337327480316162,-0.18171955363091113,-1.9483872667868118,1.1161533846189136,1,1.0
2025-07-30 12:00:00+00:00,1.147315263748169,1.3308314085006714,-0.18391434524619008,-1.9659617444220665,1.124334003678764,1,1.0
2025-07-30 13:00:00+00:00,1.1469204425811768,1.3277391195297241,-0.18311230178430107,-1.9290880326186055,1.129517085169602,1,1.0
2025-07-30 14:00:00+00:00,1.1485011577606201,1.3292216062545776,-0.18421921962765203,-1.927189366864427,1.1338170292848437,1,1.0
2025-07-30 15:00:00+00:00,1.1471836566925049,1.3273338079452515,-0.18487452666078158,-1.9172261646802102,1.1377684191912545,1,1.0
2025-07-30 16:00:00+00:00,1.1477103233337402,1.3281093835830688,-0.18630213921775338,-1.921069459885871,1.142074880988998,1,1.0
2025-07-30 17:00:00+00:00,1.1485011577606201,1.329186201095581,-0.1877248750922102,-1.924596254639363,1.1462424256497001,1,1.0
2025-07-30 18:00:00+00:00,1.143379807472229,1.3242928981781006,-0.18954684371346361,-1.934884883145496,1.1518691694753358,1,1.0
2025-07-30 19:00:00+00:00,1.1424654722213745,1.324310302734375,-0.19226984458640287,-1.9603655922701975,1.1586613398987706,1,1.0
2025-07-30 20:00:00+00:00,1.1406410932540894,1.3240649700164795,-0.19618055224597208,-2.0053934118134,1.1676644010327055,1,1.0
2025-07-30 21:00:00+00:00,1.1410315036773682,1.3236793279647827,-0.19763947715467356,-2.0067814329449774,1.1753004988307434,1,1.0
2025-07-30 22:00:00+00:00,1.1427265405654907,1.3254162073135376,-0.19967921984315173,-2.017896875586948,1.182339236220937,1,1.0
2025-07-30 23:00:00+00:00,1.1431183815002441,1.3257501125335693,-0.2013063931672004,-2.021404415145909,1.188269447016478,1,1.0
2025-07-31 00:00:00+00:00,1.1437721252441406,1.3251352310180664,-0.20125048790824965,-1.9962966430716138,1.1920599168972323,1,1.0
2025-07-31 01:00:00+00:00,1.1432491540908813,1.3257148265838623,-0.20356127529281715,-2.0113154573432923,1.1967847415032433,1,1.0
2025-07-31 02:00:00+00:00,1.1432491540908813,1.326136827468872,-0.2053655304103934,-2.0172466852191255,1.2018272732557063,1,1.0
2025-07-31 03:00:00+00:00,1.1427265405654907,1.3260489702224731,-0.2071470451407194,-2.022297037630764,1.2068020623381934,1,1.0
2025-07-31 04:00:00+00:00,1.1436413526535034,1.3268758058547974,-0.20844506149258746,-2.019111435708191,1.2115611576823038,1,1.0
2025-07-31 05:00:00+00:00,1.1440337896347046,1.326576590538025,-0.20898480784213236,-2.003578613488409,1.2156519926572578,1,1.0
2025-07-31 06:00:00+00:00,1.1462632417678833,1.3279860019683838,-0.20915135414456842,-1.9823971479568563,1.2185516936495013,1,1.0
2025-07-31 07:00:00+00:00,1.1453442573547363,1.3259258270263672,-0.2085457870894037,-1.9493208737552006,1.220268255869729,1,1.0
2025-07-31 08:00:00+00:00,1.145213007926941,1.3250473737716675,-0.2080787866512423,-1.9192908941403737,1.221075224880862,1,1.0
2025-07-31 09:00:00+00:00,1.1439030170440674,1.323293924331665,-0.20762441486388017,-1.890216708110849,1.221139558892952,1,1.0
2025-07-31 10:00:00+00:00,1.1442956924438477,1.3225939273834229,-0.20623798880951666,-1.8470625672380234,1.2197193686304928,1,1.0
2025-07-31 11:00:00+00:00,1.1453442573547363,1.3241524696350098,-0.20659643651283555,-1.8325234332565992,1.2191420335713288,1,1.0
2025-07-31 12:00:00+00:00,1.1431183815002441,1.3217023611068726,-0.2060047503118823,-1.8033643726425594,1.2181414111330184,1,1.0
2025-07-31 13:00:00+00:00,1.141422152519226,1.318878412246704,-0.20409162011524803,-1.7541800036840254,1.215277679753344,1,1.0
2025-07-31 14:00:00+00:00,1.1449507474899292,1.323346495628357,-0.20489080804465648,-1.748418857176972,1.2144769836908522,1,1.0
2025-07-31 15:00:00+00:00,1.1436413526535034,1.322226643562317,-0.20480875865076897,-1.7290389644901243,1.2137675016590355,1,1.0
2025-07-31 16:00:00+00:00,1.1425960063934326,1.322383999824524,-0.20613661140058384,-1.7318845489136971,1.2147299535781848,1,1.0
2025-07-31 17:00:00+00:00,1.1423349380493164,1.320393443107605,-0.20414514927468003,-1.6834462779492319,1.2133263964143135,1,1.0
2025-07-31 18:00:00+00:00,1.142987847328186,1.3220866918563843,-0.20513812980131882,-1.6819262418712144,1.2133601448307296,1,1.0
2025-07-31 19:00:00+00:00,1.1415525674819946,1.3207770586013794,-0.20519212890445704,-1.6660143318116236,1.2133601819412125,1,1.0
2025-07-31 20:00:00+00:00,1.1418131589889526,1.3207770586013794,-0.20476991318464516,-1.6430547749652096,1.2126630233896796,1,1.0
2025-07-31 21:00:00+00:00,1.1420739889144897,1.3203411102294922,-0.2037742923545569,-1.6118530020001671,1.2113427793509977,1,1.0
2025-07-31 22:00:00+00:00,1.1419435739517212,1.320637583732605,-0.2039282236284508,-1.5986704297990193,1.2105077469459256,1,1.0
2025-07-31 23:00:00+00:00,1.1424654722213745,1.3208119869232178,-0.20329204886028593,-1.5737759292731248,1.2092890378901626,1,1.0
2025-08-01 00:00:00+00:00,1.1428571939468384,1.3210563659667969,-0.20280022041096646,-1.5514970857843686,1.2079503348023797,1,1.0
2025-08-01 01:00:00+00:00,1.1409013271331787,1.3195223808288574,-0.20281101920433026,-1.5371451987082143,1.2068734521199826,1,1.0
2025-08-01 02:00:00+00:00,1.141422152519226,1.319487452507019,-0.20192561630300684,-1.5096191367139402,1.2054412925464715,1,1.0
2025-08-01 03:00:00+00:00,1.1420739889144897,1.3200448751449585,-0.20147105662836912,-1.4890097562534426,1.2040266972631675,0,1.0
2025-08-01 04:00:00+00:00,1.1423349380493164,1.3199403285980225,-0.20069833921849212,-1.4639905734645444,1.202409563063384,0,1.0
2025-08-01 05:00:00+00:00,1.1436413526535034,1.3203411102294922,-0.1992899387995013,-1.4299343069458985,1.200140831252357,0,1.0
2025-08-01 06:00:00+00:00,1.1432491540908813,1.3204283714294434,-0.19919989344631178,-1.4159971459299339,1.1982975295558986,0,1.0
2025-08-01 07:00:00+00:00,1.1422044038772583,1.319278597831726,-0.19852670055569066,-1.3936126168170315,1.1963357784549165,0,1.0
2025-08-01 08:00:00+00:00,1.1411616802215576,1.3161531686782837,-0.19542313382861018,-1.3355618316136126,1.1920427427869937,0,1.0
2025-08-01 09:00:00+00:00,1.140380859375,1.314941644668579,-0.19376029022951263,-1.2996492922773966,1.187478969646015,0,1.0
2025-08-01 10:00:00+00:00,1.1415525674819946,1.316603660583496,-0.1932580565159095,-1.2813629498119514,1.183933311638699,0,1.0
2025-08-01 11:00:00+00:00,1.1409013271331787,1.3158414363861084,-0.19216378166518627,-1.2545724266318279,1.1803653952851152,0,1.0
2025-08-01 12:00:00+00:00,1.1546010971069336,1.328250527381897,-0.19072047708066855,-1.222981098169429,1.178299968580105,0,1.0
2025-08-01 13:00:00+00:00,1.156336784362793,1.327122449874878,-0.18718138318653424,-1.1608346508148581,1.1746400888651671,0,1.0
2025-08-01 14:00:00+00:00,1.1558021306991577,1.3262248039245605,-0.1856981171152951,-1.1296635146455574,1.1705635211649388,0,1.0
2025-08-01 15:00:00+00:00,1.1559356451034546,1.3263126611709595,-0.18455031117899265,-1.103746049426444,1.1666335345257495,0,1.0
2025-08-01 16:00:00+00:00,1.1544678211212158,1.3247840404510498,-0.18327260089983882,-1.076147306789042,1.1623562949988657,0,1.0
2025-08-01 17:00:00+00:00,1.1528706550598145,1.3227688074111938,-0.1814666029566802,-1.040985875845369,1.15727661816444,0,1.0
2025-08-01 18:00:00+00:00,1.1531364917755127,1.3230137825012207,-0.1800753257758784,-1.0122258011975207,1.152364282096153,0,1.0
2025-08-01 19:00:00+00:00,1.157273530960083,1.3263126611709595,-0.17813186541390444,-0.9755177770160185,1.1480015925891756,0,1.0
2025-08-01 20:00:00+00:00,1.1590172052383423,1.3279860019683838,-0.17705456650117699,-0.9518721450477968,1.1444086526696153,0,1.0
2025-08-01 21:00:00+00:00,1.1594202518463135,1.327386736869812,-0.1749898217007067,-0.9137597842781061,1.140169724867483,0,1.0
2025-08-03 23:00:00+00:00,1.159151554107666,1.3291332721710205,-0.17594397428187372,-0.9206185116228093,1.1374394368361793,0,1.0
2025-08-04 00:00:00+00:00,1.1560693979263306,1.3261544704437256,-0.1751314675213726,-0.9012371853996033,1.1341697497370409,0,1.0
2025-08-04 01:00:00+00:00,1.1574074029922485,1.3277214765548706,-0.1745995202370172,-0.8861333450509699,1.1316487803777284,0,1.0
2025-08-04 02:00:00+00:00,1.1579434871673584,1.32821524143219,-0.1739152046038754,-0.8688481263573846,1.1293868571001866,0,1.0
2025-08-04 03:00:00+00:00,1.1582117080688477,1.3283387422561646,-0.17309261023840197,-0.8495930881809739,1.126935562031973,0,1.0
2025-08-04 04:00:00+00:00,1.1578094959259033,1.3278977870941162,-0.17235160755465284,-0.83164453804344,1.1244172939713635,0,1.0
2025-08-04 05:00:00+00:00,1.1574074029922485,1.3275980949401855,-0.17168904553537911,-0.814946606492656,1.1217490196726791,0,1.0
2025-08-04 06:00:00+00:00,1.1575413942337036,1.3285329341888428,-0.17175175970458031,-0.809166382970669,1.1195977059712525,0,1.0
2025-08-04 07:00:00+00:00,1.156738042831421,1.3277567625045776,-0.17112298514005378,-0.7930565748545791,1.1172387777463113,0,1.0
2025-08-04 08:00:00+00:00,1.1560693979263306,1.3278096914291382,-0.1711820054414257,-0.7873299739384451,1.1152505403985178,0,1.0
2025-08-04 09:00:00+00:00,1.156738042831421,1.3293275833129883,-0.17147534959373753,-0.7851531329810858,1.1138362137076705,0,1.0
2025-08-04 10:00:00+00:00,1.1576753854751587,1.3296457529067993,-0.17048269384037396,-0.7636235438283019,1.1122595480172013,0,1.0
2025-08-04 11:00:00+00:00,1.1570056676864624,1.329504370689392,-0.17053864338792285,-0.7579826261086576,1.1108394722611161,0,1.0
2025-08-04 12:00:00+00:00,1.1579434871673584,1.3297696113586426,-0.169554502787947,-0.736641597113045,1.1094517606734546,0,1.0
2025-08-04 13:00:00+00:00,1.1578094959259033,1.3302295207977295,-0.1696824015342791,-0.7321998476378575,1.1081499713720642,0,1.0
2025-08-04 14:00:00+00:00,1.156738042831421,1.3293452262878418,-0.1694816597763351,-0.7227850786143245,1.1067811808910015,0,1.0
2025-08-04 15:00:00+00:00,1.157139539718628,1.328832983970642,-0.1682418582983808,-0.6975748494725623,1.1051413535831855,0,1.0
2025-08-04 16:00:00+00:00,1.1575413942337036,1.3286035060882568,-0.16716442083391517,-0.6748778091479049,1.1032430909666808,0,1.0
2025-08-04 17:00:00+00:00,1.1576753854751587,1.32821524143219,-0.16613260524469037,-0.6529018331876729,1.101151694974577,0,1.0
2025-08-04 18:00:00+00:00,1.1568717956542969,1.327580451965332,-0.1657078913953504,-0.6402572232852961,1.0990599945090205,0,1.0
2025-08-04 19:00:00+00:00,1.1570056676864624,1.327492356300354,-0.1649187204996323,-0.622003514596094,1.0969401842246276,0,1.0
2025-08-04 20:00:00+00:00,1.1576753854751587,1.3284798860549927,-0.16472527230929151,-0.612952194619336,1.0954245426922848,0,1.0
2025-08-04 21:00:00+00:00,1.1574074029922485,1.328233003616333,-0.16432661314795594,-0.6007188270779604,1.0939217093496512,0,1.0
2025-08-04 22:00:00+00:00,1.158077597618103,1.3293099403381348,-0.16435882126083434,-0.5951845102143372,1.0929538595048902,0,1.0
2025-08-04 23:00:00+00:00,1.1587486267089844,1.3298048973083496,-0.16397233317327248,-0.583116421262112,1.092202722092413,0,1.0
2025-08-05 00:00:00+00:00,1.1575413942337036,1.3299109935760498,-0.16500303749170345,-0.5932368431195928,1.0918561339927138,0,1.0
2025-08-05 01:00:00+00:00,1.156738042831421,1.3290096521377563,-0.1648777098211586,-0.585204194946633,1.0915772214710737,0,1.0
2025-08-05 02:00:00+00:00,1.156336784362793,1.3283917903900146,-0.1646484537105352,-0.5755263366581878,1.0913356185988494,0,1.0
2025-08-05 03:00:00+00:00,1.1559356451034546,1.3277567625045776,-0.16426764054581586,-0.5634275592799597,1.090609144092073,0,1.0
2025-08-05 04:00:00+00:00,1.1560693979263306,1.3286211490631104,-0.16472827883611152,-0.5646932227483404,1.090139560535866,0,1.0
2025-08-05 05:00:00+00:00,1.1551345586776733,1.3275628089904785,-0.16446606820940182,-0.5544129253186861,1.0894250427264638,0,1.0
2025-08-05 06:00:00+00:00,1.155401587486267,1.3280036449432373,-0.16445955495157777,-0.5482214878778764,1.0889418448366401,0,1.0
2025-08-05 07:00:00+00:00,1.155001163482666,1.327316164970398,-0.1640658290818661,-0.5357625735005659,1.088318575569871,0,1.0
2025-08-05 08:00:00+00:00,1.1539349555969238,1.3278801441192627,-0.1654821124765511,-0.5526831094349447,1.0884257885660387,0,1.0
2025-08-05 09:00:00+00:00,1.1546010971069336,1.3291332721710205,-0.16599379412972307,-0.5549424380685645,1.0886441300292982,0,1.0
2025-08-05 10:00:00+00:00,1.1547343730926514,1.328762412071228,-0.16564901109187063,-0.5431685674511105,1.0889060170882534,0,1.0
2025-08-05 11:00:00+00:00,1.1542012691497803,1.3280917406082153,-0.1656029606740376,-0.5362916464129214,1.0890537616507407,0,1.0
2025-08-05 12:00:00+00:00,1.154068112373352,1.32821524143219,-0.165874382060512,-0.5346853556623546,1.0892467603694762,0,1.0
2025-08-05 13:00:00+00:00,1.1538017988204956,1.327386736869812,-0.16542081330816333,-0.5209623235295744,1.0892301595495952,0,1.0
2025-08-05 14:00:00+00:00,1.1568717956542969,1.329062581062317,-0.16404477180571084,-0.4916157510861333,1.088902854546088,0,1.0
2025-08-05 15:00:00+00:00,1.1583458185195923,1.3307604789733887,-0.16411145272738661,-0.4865491555009736,1.0887272220975184,0,1.0
2025-08-05 16:00:00+00:00,1.1586142778396606,1.3309376239776611,-0.16397432068436515,-0.47799117251374224,1.0885512242750768,0,1.0
2025-08-05 17:00:00+00:00,1.1582117080688477,1.330477237701416,-0.16389175876743392,-0.4703330667815605,1.0883639529227613,0,1.0
2025-08-05 18:00:00+00:00,1.1576753854751587,1.3295574188232422,-0.16346668785988955,-0.45669928306292995,1.08788810365428,0,1.0
2025-08-05 19:00:00+00:00,1.1576753854751587,1.3296281099319458,-0.16337076844240644,-0.44871870540574144,1.087348405229017,0,1.0
2025-08-05 20:00:00+00:00,1.158077597618103,1.3296633958816528,-0.1628294436245244,-0.43285205303829755,1.0865664115087794,0,1.0
2025-08-05 21:00:00+00:00,1.1578094959259033,1.3298755884170532,-0.16306621856899028,-0.4306665516081938,1.085976616074328,0,1.0
2025-08-05 22:00:00+00:00,1.1579434871673584,1.329734206199646,-0.16276615368896988,-0.4188947942987478,1.0857348984367647,0,1.0
2025-08-05 23:00:00+00:00,1.1582117080688477,1.3299287557601929,-0.1626293980002174,-0.40997119887314426,1.0855104847030133,0,1.0
2025-08-06 00:00:00+00:00,1.1576753854751587,1.3301587104797363,-0.16312182699829797,-0.41242200020671993,1.0849552205115145,0,1.0
2025-08-06 01:00:00+00:00,1.157139539718628,1.3298933506011963,-0.1633197721879508,-0.40955121727816746,1.0847848903907622,0,1.0
2025-08-06 02:00:00+00:00,1.157273530960083,1.3300879001617432,-0.163388665346032,-0.40430588570128,1.0848760420217018,0,1.0
2025-08-06 03:00:00+00:00,1.1583458185195923,1.3309907913208008,-0.16315128469972837,-0.39330834836132483,1.0847101499725267,0,1.0
2025-08-06 04:00:00+00:00,1.1586142778396606,1.331221103668213,-0.16304270038216098,-0.38462275064917356,1.084484595563598,0,1.0
2025-08-06 05:00:00+00:00,1.1582117080688477,1.330654263496399,-0.1627149705494084,-0.37167627348976273,1.083737682441211,0,1.0
2025-08-06 06:00:00+00:00,1.1583458185195923,1.330247163772583,-0.1620602717078329,-0.3523011677920113,1.0830112239049823,0,1.0
2025-08-06 07:00:00+00:00,1.1584800481796265,1.3303357362747192,-0.16185048200217184,-0.3413212193348519,1.0824295631298395,0,1.0
2025-08-06 08:00:00+00:00,1.1578094959259033,1.3284269571304321,-0.1605995022952597,-0.30978802708085507,1.0814585199825275,0,1.0
2025-08-06 09:00:00+00:00,1.1590172052383423,1.3299463987350464,-0.16060939675983707,-0.3027954763978177,1.0808139023557242,0,1.0
2025-08-06 10:00:00+00:00,1.1610356569290161,1.3318594694137573,-0.1603314984018183,-0.28997330938441146,1.0804946845257168,0,1.0
2025-08-06 11:00:00+00:00,1.1607661247253418,1.3318594694137573,-0.16045144378596488,-0.28503749179309,1.08010306196809,0,1.0
2025-08-06 12:00:00+00:00,1.1626555919647217,1.3317530155181885,-0.15853431569282964,-0.23830639137533274,1.0793898212026443,0,1.0
2025-08-06 13:00:00+00:00,1.1637378931045532,1.3325159549713135,-0.15815448453836697,-0.2226303089367719,1.0791544606548817,0,1.0
2025-08-06 14:00:00+00:00,1.1631964445114136,1.3330844640731812,-0.15904500858058304,-0.23332331815420854,1.079032138948808,0,1.0
2025-08-06 15:00:00+00:00,1.164958119392395,1.3358803987503052,-0.16004393637255251,-0.24659742600140647,1.07990082747457,0,1.0
2025-08-06 16:00:00+00:00,1.1637378931045532,1.3347570896148682,-0.16035707356994813,-0.24544717404958372,1.0805020071731373,0,1.0
2025-08-06 17:00:00+00:00,1.1652295589447021,1.3355414867401123,-0.15999953859729282,-0.22973133215720415,1.0814995998037173,0,1.0
2025-08-06 18:00:00+00:00,1.1665889024734497,1.3364337682724,-0.15997667939978566,-0.22112555073472243,1.0829503893366366,0,1.0
2025-08-06 19:00:00+00:00,1.1659088134765625,1.3357198238372803,-0.1603857572869845,-0.22204672026790861,1.0843481827213046,0,1.0
2025-08-06 20:00:00+00:00,1.1664528846740723,1.3356484174728394,-0.1602551139374221,-0.2108215806048281,1.085709082920295,0,1.0
2025-08-06 21:00:00+00:00,1.1664528846740723,1.3356484174728394,-0.16088676231570548,-0.21691318300795986,1.087891569230304,0,1.0
2025-08-06 22:00:00+00:00,1.1667250394821167,1.3358982801437378,-0.1616970292225475,-0.22739246825833118,1.0907922990670427,0,1.0
2025-08-06 23:00:00+00:00,1.1665889024734497,1.3357912302017212,-0.16262612880987426,-0.24098773296167275,1.0939002371753461,0,1.0
2025-08-07 00:00:00+00:00,1.1655012369155884,1.3348283767700195,-0.16363761652236408,-0.2569651755790017,1.0969039687842712,0,1.0
2025-08-07 01:00:00+00:00,1.1661807298660278,1.335594892501831,-0.1647165851981393,-0.27505258632445473,1.100470582108834,0,1.0
2025-08-07 02:00:00+00:00,1.16604483127594,1.3352917432785034,-0.16576806288625312,-0.2930099622030826,1.1045679310476497,0,1.0
2025-08-07 03:00:00+00:00,1.1668611764907837,1.3361302614212036,-0.1670425491066197,-0.31710338856717724,1.1089883049365303,0,1.0
2025-08-07 04:00:00+00:00,1.1675423383712769,1.3368090391159058,-0.16868741967047962,-0.35136319134139,1.1147247735630896,0,1.0
2025-08-07 05:00:00+00:00,1.1678149700164795,1.3370771408081055,-0.17029845496985654,-0.38582338229152635,1.120304999706311,0,1.0
2025-08-07 06:00:00+00:00,1.1678149700164795,1.3374168872833252,-0.17203976098403442,-0.42483104617998424,1.125315237133349,0,1.0
2025-08-07 07:00:00+00:00,1.1693171262741089,1.3375064134597778,-0.17238782008438544,-0.4279263277514213,1.1306734415844277,0,1.0
2025-08-07 08:00:00+00:00,1.1686338186264038,1.3370592594146729,-0.17421580047093355,-0.47147658544245546,1.136255771170986,0,1.0
2025-08-07 09:00:00+00:00,1.1675423383712769,1.3370234966278076,-0.17689047035697136,-0.539886235640765,1.1423520740115842,0,1.0
2025-08-07 10:00:00+00:00,1.1672697067260742,1.3379895687103271,-0.17977577651214957,-0.6164128772841091,1.148625618834113,0,1.0
2025-08-07 11:00:00+00:00,1.1648223400115967,1.3413456678390503,-0.18646784303779754,-0.8041276627038426,1.1544678206825563,0,1.0
2025-08-07 12:00:00+00:00,1.1653653383255005,1.342227816581726,-0.18847992546214992,-0.8610931380373859,1.1603086663220932,0,1.0
2025-08-07 13:00:00+00:00,1.164686679840088,1.342480182647705,-0.19076616072368177,-0.927767757930335,1.1653527170996534,0,1.0
2025-08-07 14:00:00+00:00,1.1626555919647217,1.3404107093811035,-0.1923070158400769,-0.9737977168071182,1.1707908839280814,0,1.0
2025-08-07 15:00:00+00:00,1.1644154787063599,1.3431833982467651,-0.1948090735856594,-1.050276875363135,1.1761977974829678,0,1.0
2025-08-07 16:00:00+00:00,1.1641442775726318,1.3430390357971191,-0.19641773920905484,-1.1008217545610293,1.181290963919526,0,1.0
2025-08-07 17:00:00+00:00,1.163602590560913,1.342065691947937,-0.19766338356995333,-1.1410266235539714,1.1868538514137783,0,1.0
2025-08-07 18:00:00+00:00,1.162520408630371,1.3410578966140747,-0.19957613880761588,-1.203328671070221,1.1932393225238478,0,1.0
2025-08-07 19:00:00+00:00,1.1657729148864746,1.3443208932876587,-0.20149554565707137,-1.2669797834296863,1.1993683129230759,0,1.0
2025-08-07 20:00:00+00:00,1.1671334505081177,1.3445558547973633,-0.20230310261611253,-1.2952423529745438,1.2053276230983063,0,1.0
2025-08-07 21:00:00+00:00,1.1668611764907837,1.3442305326461792,-0.2038530665740269,-1.3487776350297325,1.2107644200294005,0,1.0
2025-08-07 22:00:00+00:00,1.1675423383712769,1.344881296157837,-0.20486820374080084,-1.3853976598907225,1.2141822205837907,0,1.0
2025-08-07 23:00:00+00:00,1.1680878400802612,1.3451164960861206,-0.20608110899095716,-1.429040129586117,1.2191326092693893,0,1.0
2025-08-08 00:00:00+00:00,1.1675423383712769,1.3447909355163574,-0.2074629199498959,-1.4794126514866384,1.2232164870341065,0,1.0
2025-08-08 01:00:00+00:00,1.1661807298660278,1.343833088874817,-0.20931780127893057,-1.5470357531645893,1.228493676817405,1,1.0
2025-08-08 02:00:00+00:00,1.1664528846740723,1.344266653060913,-0.2110126601390357,-1.6095412868696324,1.233671717999109,1,1.0
2025-08-08 03:00:00+00:00,1.1664528846740723,1.3438512086868286,-0.21181617997985325,-1.6417061556847556,1.2376808056707447,1,1.0
2025-08-08 04:00:00+00:00,1.1661807298660278,1.3436344861984253,-0.2127339583320662,-1.6783613689655645,1.240673745586914,1,1.0
2025-08-08 05:00:00+00:00,1.1644154787063599,1.3426603078842163,-0.21344140457375055,-1.7079843144227347,1.2409875087432034,1,1.0
2025-08-08 06:00:00+00:00,1.1653653383255005,1.343021035194397,-0.21260739543601975,-1.6805188317430708,1.2397940771289984,1,1.0
2025-08-08 07:00:00+00:00,1.1661807298660278,1.3442847728729248,-0.21263317455051217,-1.684930205190216,1.238304078517918,1,1.0
2025-08-08 08:00:00+00:00,1.1640088558197021,1.3434540033340454,-0.21313737683258643,-1.7072094459523355,1.2362908067517353,1,1.0
2025-08-08 09:00:00+00:00,1.1644154787063599,1.3448632955551147,-0.21296799391801202,-1.7030117627490609,1.2325232045954573,1,1.0
2025-08-08 10:00:00+00:00,1.1640088558197021,1.3441944122314453,-0.21194815808943923,-1.6642205396444778,1.2299675742768201,1,1.0
2025-08-08 11:00:00+00:00,1.1645511388778687,1.3440680503845215,-0.21109453900147163,-1.6305632766121865,1.2290469720353163,1,1.0
2025-08-08 12:00:00+00:00,1.1644154787063599,1.3423539400100708,-0.20944085995484418,-1.5639979744127679,1.2283617217620213,1,1.0
2025-08-08 13:00:00+00:00,1.1653653383255005,1.3430029153823853,-0.20905276254853306,-1.547514798708978,1.227797438775702,1,1.0
2025-08-08 14:00:00+00:00,1.1659088134765625,1.3438692092895508,-0.20899550441647713,-1.5438034136134842,1.2265024525114343,1,1.0
2025-08-08 15:00:00+00:00,1.1664528846740723,1.3443571329116821,-0.20862981885066473,-1.5264501718600993,1.2253386944301046,1,1.0
2025-08-08 16:00:00+00:00,1.1659088134765625,1.3447729349136353,-0.2087778775145272,-1.5302801970923223,1.222984356942594,1,1.0
2025-08-08 17:00:00+00:00,1.1664528846740723,1.3456414937973022,-0.20805506672478324,-1.497074468273517,1.2194612318078515,0,1.0
2025-08-08 18:00:00+00:00,1.1659088134765625,1.345406174659729,-0.2071471084496459,-1.4551834163449184,1.2155473689116087,0,1.0
2025-08-08 19:00:00+00:00,1.164686679840088,1.3451346158981323,-0.20683317561586864,-1.4376839602593987,1.2117788823731295,0,1.0
2025-08-08 20:00:00+00:00,1.1645511388778687,1.345243215560913,-0.20521491383692597,-1.3630639741792518,1.2056000934854638,0,1.0
2025-08-08 21:00:00+00:00,1.1644154787063599,1.3450080156326294,-0.20254940746185168,-1.2420927076076305,1.1969253250038236,0,1.0
2025-08-10 23:00:00+00:00,1.1650937795639038,1.3443028926849365,-0.19933648205449842,-1.095201999174591,1.190155873612889,0,1.0
2025-08-11 00:00:00+00:00,1.1650937795639038,1.344266653060913,-0.1975802257718637,-1.0116462103392707,1.1843279887924139,0,1.0
2025-08-11 01:00:00+00:00,1.1661807298660278,1.3451346158981323,-0.19577645806053778,-0.9248512571086009,1.1788111152362435,0,1.0
2025-08-11 02:00:00+00:00,1.1669973134994507,1.3456414937973022,-0.19384586347684732,-0.8314469349280893,1.173169810815193,0,1.0
2025-08-11 03:00:00+00:00,1.1675423383712769,1.3465656042099,-0.19208124685534111,-0.7449029475055016,1.166101983686757,0,1.0
2025-08-11 04:00:00+00:00,1.1675423383712769,1.3466562032699585,-0.18999953550883558,-0.6429257413079738,1.1588439625172093,0,1.0
2025-08-11 05:00:00+00:00,1.1672697067260742,1.3468557596206665,-0.18784074699679357,-0.5365512488912431,1.1502332462885265,0,1.0
2025-08-11 06:00:00+00:00,1.1667250394821167,1.3468557596206665,-0.18560854367019705,-0.425790298254043,1.141169528608809,0,1.0
2025-08-11 07:00:00+00:00,1.1650937795639038,1.345442295074463,-0.18319312044937827,-0.30534892369627126,1.1323521428174999,0,1.0
2025-08-11 08:00:00+00:00,1.1659088134765625,1.3465473651885986,-0.18051898599831517,-0.1715862061767006,1.1225905429860918,0,1.0
2025-08-11 09:00:00+00:00,1.1644154787063599,1.3453880548477173,-0.17785452058844975,-0.037268014504709186,1.1125488020592451,0,1.0
2025-08-11 10:00:00+00:00,1.1650937795639038,1.3446824550628662,-0.17418553898399017,0.14607077735069657,1.104097269581108,0,1.0
2025-08-11 11:00:00+00:00,1.1631964445114136,1.3430390357971191,-0.1720934694017137,0.2541452690193798,1.0960559408782087,0,1.0
2025-08-11 12:00:00+00:00,1.1623852252960205,1.3423179388046265,-0.16990063967743235,0.3674935172233839,1.0882371631322794,0,1.0
2025-08-11 13:00:00+00:00,1.16225004196167,1.3421196937561035,-0.16721704767778217,0.5057635689410833,1.0792680454455472,0,1.0
2025-08-11 14:00:00+00:00,1.160092830657959,1.3407701253890991,-0.16512349912166288,0.6155122990914201,1.0694962092547102,0,1.0
2025-08-11 15:00:00+00:00,1.1610356569290161,1.3415435552597046,-0.16223560496859576,0.7645535726996404,1.0603332304441797,0,1.0
2025-08-11 16:00:00+00:00,1.1610356569290161,1.3424440622329712,-0.15992437579213534,0.8857039008668527,1.0500689888004509,0,1.0
2025-08-11 17:00:00+00:00,1.1615750789642334,1.3430931568145752,-0.15685409146989324,1.0446417605591136,1.0395142346235065,0,1.0
2025-08-11 18:00:00+00:00,1.1615750789642334,1.343562364578247,-0.15412748135123203,1.1865850576348926,1.029052187367197,0,1.0
2025-08-11 19:00:00+00:00,1.1607661247253418,1.342822551727295,-0.15136426869705077,1.3305300925344148,1.019237557746503,0,1.0
2025-08-11 20:00:00+00:00,1.1619800329208374,1.3430931568145752,-0.1481791112973283,1.494716219831696,1.011286730047656,0,1.0
2025-08-11 21:00:00+00:00,1.1618449687957764,1.3431833982467651,-0.1467777128260764,1.5668195104643468,1.005912633395212,-1,1.0
2025-08-11 22:00:00+00:00,1.1617100238800049,1.3433998823165894,-0.14544262129366442,1.6340397914633709,1.000447396857598,-1,-1.0
2025-08-11 23:00:00+00:00,1.1619800329208374,1.3435442447662354,-0.1438904281335145,1.7105213731856792,0.9956141911485722,-1,-1.0
2025-08-12 00:00:00+00:00,1.1618449687957764,1.343075156211853,-0.14253942413559015,1.7747868414939936,0.9918185314993411,-1,-1.0
2025-08-12 01:00:00+00:00,1.16225004196167,1.3431833982467651,-0.14149116730131706,1.8216658166207775,0.9891761959111983,-1,-1.0
2025-08-12 02:00:00+00:00,1.162520408630371,1.343833088874817,-0.14088773179205527,1.8452251735438812,0.9863027347012444,-1,-1.0
2025-08-12 03:00:00+00:00,1.1623852252960205,1.343273639678955,-0.13997444607956044,1.882567721767137,0.9842055975009852,-1,-1.0
2025-08-12 04:00:00+00:00,1.163061261177063,1.3439414501190186,-0.13912421728938665,1.9159262737168816,0.9816414408038898,-1,-1.0
2025-08-12 05:00:00+00:00,1.1618449687957764,1.3425521850585938,-0.13862956325805417,1.930069315530243,0.9798568277150603,-1,-1.0
2025-08-12 06:00:00+00:00,1.16130530834198,1.3434540033340454,-0.13886019324414894,1.9083730001930534,0.9768358288709519,-1,-1.0
2025-08-12 07:00:00+00:00,1.1623852252960205,1.3458225727081299,-0.13821047362652616,1.9299416913767955,0.971984321117856,-1,-1.0
2025-08-12 08:00:00+00:00,1.1618449687957764,1.346982717514038,-0.1374982832981367,1.954604887865819,0.9652208892047234,-1,-1.0
2025-08-12 09:00:00+00:00,1.1610356569290161,1.3460036516189575,-0.13569944289693361,2.0299571108248484,0.9591839232604423,-1,-1.0
2025-08-12 10:00:00+00:00,1.16130530834198,1.3456776142120361,-0.13368369261718593,2.1129223075403276,0.9539593665036848,-1,-1.0
2025-08-12 11:00:00+00:00,1.1607661247253418,1.3456776142120361,-0.13249496393665505,2.1539348500901827,0.9483913625332903,-1,-1.0
2025-08-12 12:00:00+00:00,1.1644154787063599,1.348581314086914,-0.1297904109097584,2.2639001317679917,0.9430083789981001,-1,-1.0
2025-08-12 13:00:00+00:00,1.1657729148864746,1.3490906953811646,-0.1276547001542401,2.3431974641686244,0.9385774853945601,-1,-1.0
2025-08-12 14:00:00+00:00,1.1661807298660278,1.3488905429840088,-0.12609697169203166,2.3926178807528444,0.9350065863579753,-1,-1.0
2025-08-12 15:00:00+00:00,1.1676785945892334,1.3507671356201172,-0.12494111194941385,2.4215405716260587,0.9311081503430336,-1,-1.0
2025-08-12 16:00:00+00:00,1.1684973239898682,1.351643681526184,-0.1236798944611685,2.453703524584426,0.927244082748662,-1,-1.0
2025-08-12 17:00:00+00:00,1.1676785945892334,1.350785493850708,-0.12272613252879963,2.470372207545795,0.9236996511451963,-1,-1.0
2025-08-12 18:00:00+00:00,1.1671334505081177,1.3496370315551758,-0.12155508348165714,2.495226215493125,0.9208569633684446,-1,-1.0
2025-08-12 19:00:00+00:00,1.1679514646530151,1.3494731187820435,-0.1202163059599344,2.52499427981193,0.9191009439054308,-1,-1.0
2025-08-12 20:00:00+00:00,1.1678149700164795,1.350074291229248,-0.11997358247891529,2.503329308162866,0.9165391297498336,-1,-1.0
2025-08-12 21:00:00+00:00,1.1676785945892334,1.3501107692718506,-0.11936034451972713,2.4983277414434784,0.9140247375095508,-1,-1.0
2025-08-12 22:00:00+00:00,1.1680878400802612,1.3500378131866455,-0.1183852941221733,2.5083794946981115,0.9121081134908751,-1,-1.0
2025-08-12 23:00:00+00:00,1.1680878400802612,1.3504389524459839,-0.11800170554531736,2.4923443655139312,0.9099293517615032,-1,-1.0
2025-08-13 00:00:00+00:00,1.1683608293533325,1.3502929210662842,-0.11715512366070141,2.4952488396919477,0.908216183241341,-1,-1.0
2025-08-13 01:00:00+00:00,1.1680878400802612,1.3499102592468262,-0.11662103419420555,2.483105160204879,0.9065152298024155,-1,-1.0
2025-08-13 02:00:00+00:00,1.1684973239898682,1.3503841161727905,-0.1159899781815788,2.4746369779054342,0.9045220978422599,-1,-1.0
2025-08-13 03:00:00+00:00,1.168770432472229,1.3504024744033813,-0.1153269451805006,2.467522605744557,0.9030519684459375,-1,-1.0
2025-08-13 04:00:00+00:00,1.168770432472229,1.3505300283432007,-0.11487825508141578,2.4501375058436388,0.9012749632351653,-1,-1.0
2025-08-13 05:00:00+00:00,1.1680878400802612,1.3507490158081055,-0.11491882809325638,2.4133899962326946,0.8989808283998965,-1,-1.0
2025-08-13 06:00:00+00:00,1.1697274446487427,1.3516618013381958,-0.11369030109085554,2.4269533024200123,0.8975434301609759,-1,-1.0
2025-08-13 07:00:00+00:00,1.1712344884872437,1.3545913696289062,-0.11360614520593984,2.395235856103505,0.8951057738945049,-1,-1.0
2025-08-13 08:00:00+00:00,1.171783447265625,1.3558034896850586,-0.11312690673183123,2.3790504953988294,0.8924406424130492,-1,-1.0
2025-08-13 09:00:00+00:00,1.1732958555221558,1.3576626777648926,-0.11225330414627624,2.3776157133087485,0.8898023562508424,-1,-1.0
2025-08-13 10:00:00+00:00,1.17205810546875,1.356999397277832,-0.11184484766669872,2.358365267275243,0.8864312024308304,-1,-1.0
2025-08-13 11:00:00+00:00,1.172195553779602,1.3577179908752441,-0.11103801824317405,2.354069305427636,0.8826417092855173,-1,-1.0
2025-08-13 12:00:00+00:00,1.1702749729156494,1.3561160564422607,-0.11040771393620416,2.3429551145851484,0.878610271598289,-1,-1.0
2025-08-13 13:00:00+00:00,1.170823097229004,1.357496738433838,-0.10941547307595498,2.3447471763701873,0.8739707007177439,-1,-1.0
2025-08-13 14:00:00+00:00,1.172333002090454,1.357312560081482,-0.10720220121564233,2.3892293615383458,0.8713327586076252,-1,-1.0
2025-08-13 15:00:00+00:00,1.171783447265625,1.357183575630188,-0.1066564829708378,2.372771121425654,0.8682818195963444,-1,-1.0
2025-08-13 16:00:00+00:00,1.1710972785949707,1.3574045896530151,-0.10623583875255543,2.3522036162809408,0.8645256874918398,-1,-1.0
2025-08-13 17:00:00+00:00,1.170823097229004,1.3570915460586548,-0.10517247054300552,2.3540415033732476,0.8609293488293762,-1,-1.0
2025-08-13 18:00:00+00:00,1.1704120635986328,1.3567416667938232,-0.10418839851350162,2.3525909490639996,0.8572805155465286,-1,-1.0
2025-08-13 19:00:00+00:00,1.1704120635986328,1.357478380203247,-0.10338115057326328,2.344791634175115,0.8531165544822727,-1,-1.0
2025-08-13 20:00:00+00:00,1.170823097229004,1.3575705289840698,-0.10201312150633238,2.3553743747929934,0.8496006085134581,-1,-1.0
2025-08-13 21:00:00+00:00,1.1709601879119873,1.3574045896530151,-0.10081806282744349,2.3593173768388422,0.8464127730954453,-1,-1.0
2025-08-13 22:00:00+00:00,1.1710972785949707,1.3579391241073608,-0.10003322574969725,2.3493139503266027,0.8431411485558198,-1,-1.0
2025-08-13 23:00:00+00:00,1.1716461181640625,1.3585480451583862,-0.09906175359383171,2.3451983981344586,0.8402662359770089,-1,-1.0
2025-08-14 00:00:00+00:00,1.1715089082717896,1.3586218357086182,-0.09822142652701485,2.3367064800125523,0.836993229471394,-1,-1.0
2025-08-14 01:00:00+00:00,1.1716461181640625,1.3583818674087524,-0.09713706219654625,2.335791798808462,0.8343180210855559,-1,-1.0
2025-08-14 02:00:00+00:00,1.170823097229004,1.3578286170959473,-0.09603189152339878,2.3351882208149917,0.8295188917996486,-1,-1.0
2025-08-14 03:00:00+00:00,1.1706860065460205,1.3574415445327759,-0.09442343588601382,2.3496686961742808,0.8246463758603775,-1,-1.0
2025-08-14 04:00:00+00:00,1.170823097229004,1.3576442003250122,-0.09310772246479557,2.3542315682302997,0.8203235061123201,-1,-1.0
2025-08-14 05:00:00+00:00,1.1704120635986328,1.3574045896530151,-0.09185276856272465,2.356396697663732,0.8155414064163012,-1,-1.0
2025-08-14 06:00:00+00:00,1.1689070463180542,1.3578838109970093,-0.09159824415907555,2.3284327048788795,0.809562510734667,-1,-1.0
2025-08-14 07:00:00+00:00,1.1683608293533325,1.357367753982544,-0.09003124925583272,2.340034501554297,0.8039114584704825,-1,-1.0
2025-08-14 08:00:00+00:00,1.1672697067260742,1.3572757244110107,-0.08844398228412975,2.3514540738392924,0.7958353430548523,-1,-1.0
2025-08-14 09:00:00+00:00,1.1684973239898682,1.3579391241073608,-0.08533832805616431,2.4058914191884613,0.7878495625168547,-1,-1.0
2025-08-14 10:00:00+00:00,1.169864296913147,1.3581604957580566,-0.08186902380313238,2.468122367296153,0.779916501354637,-1,-1.0
2025-08-14 11:00:00+00:00,1.1690436601638794,1.357478380203247,-0.07977759570068807,2.488396190104107,0.7720594063219042,-1,-1.0
2025-08-14 12:00:00+00:00,1.1665889024734497,1.3552155494689941,-0.07839829448724342,2.4877989800819775,0.7648437961744908,-1,-1.0
2025-08-14 13:00:00+00:00,1.1655012369155884,1.3536561727523804,-0.07640213232326962,2.504074014721488,0.7580792366427407,-1,-1.0
2025-08-14 14:00:00+00:00,1.1664528846740723,1.3556196689605713,-0.07454871628523885,2.5152606108869664,0.7510587539531388,-1,-1.0
2025-08-14 15:00:00+00:00,1.164686679840088,1.353143334388733,-0.07262158909461255,2.5279039156950884,0.7442167969153046,-1,-1.0
2025-08-14 16:00:00+00:00,1.1637378931045532,1.3523746728897095,-0.07093232110579148,2.533561079968222,0.7373217563535079,-1,-1.0
2025-08-14 17:00:00+00:00,1.1640088558197021,1.3532531261444092,-0.06892651873007077,2.547273863196619,0.7298781594535902,-1,-1.0
2025-08-14 18:00:00+00:00,1.1644154787063599,1.3532531261444092,-0.06652547436396761,2.5705172394610245,0.7230956860178734,-1,-1.0
2025-08-14 19:00:00+00:00,1.1652295589447021,1.3538395166397095,-0.06416430353128011,2.5912985413706497,0.716574539644459,-1,-1.0
2025-08-14 20:00:00+00:00,1.1650937795639038,1.3530151844024658,-0.06225961690324153,2.599018476470094,0.7113327645015636,-1,-1.0
2025-08-14 21:00:00+00:00,1.1655012369155884,1.3530701398849487,-0.06027653245860884,2.607767402773484,0.7058352529577514,-1,-1.0
2025-08-14 22:00:00+00:00,1.1653653383255005,1.3528870344161987,-0.05862085831025721,2.607365324379135,0.7002874997643984,-1,-1.0
2025-08-14 23:00:00+00:00,1.1653653383255005,1.353033423423767,-0.05681276602711957,2.6102178080766287,0.6940567452426127,-1,-1.0
2025-08-15 00:00:00+00:00,1.1655012369155884,1.3534914255142212,-0.055071714731871696,2.6105510868750685,0.6879139671624177,-1,-1.0
2025-08-15 01:00:00+00:00,1.1656370162963867,1.3537112474441528,-0.05332251922972059,2.610698420370941,0.6821539541389422,-1,-1.0
2025-08-15 02:00:00+00:00,1.16604483127594,1.3544628620147705,-0.051226104113947374,2.6185672331838026,0.6751492705326981,-1,-1.0
2025-08-15 03:00:00+00:00,1.1663167476654053,1.3547565937042236,-0.04873729701209786,2.6344463631124393,0.6672379900767267,-1,-1.0
2025-08-15 04:00:00+00:00,1.1667250394821167,1.354866623878479,-0.04661426190230897,2.6406217346075813,0.6612215326442381,-1,-1.0
2025-08-15 05:00:00+00:00,1.1674060821533203,1.3551788330078125,-0.04419660710662909,2.6527643332919424,0.6546857109251119,-1,-1.0
2025-08-15 06:00:00+00:00,1.1675423383712769,1.3553624153137207,-0.04196285726180493,2.659837533950192,0.6474316900495372,-1,-1.0
2025-08-15 07:00:00+00:00,1.1686338186264038,1.3556196689605713,-0.03903543183696517,2.681259501213127,0.6404774659538647,-1,-1.0
2025-08-15 08:00:00+00:00,1.1686338186264038,1.3548849821090698,-0.036722432817292205,2.68750004512372,0.6340050036821258,-1,-1.0
2025-08-15 09:00:00+00:00,1.1690436601638794,1.355821967124939,-0.03449271886888422,2.691051525937932,0.6263922728110763,-1,-1.0
2025-08-15 10:00:00+00:00,1.1690436601638794,1.3559322357177734,-0.03222468829708733,2.6946285479421586,0.6187763288493081,-1,-1.0
2025-08-15 11:00:00+00:00,1.1690436601638794,1.3559505939483643,-0.02992603431868479,2.6979402628549716,0.6111999387287829,-1,-1.0
2025-08-15 12:00:00+00:00,1.1697274446487427,1.3562264442443848,-0.027162073603728853,2.7104119371155684,0.603640031543736,-1,-1.0
2025-08-15 13:00:00+00:00,1.1706860065460205,1.3566312789916992,-0.024403465233358124,2.721391144647317,0.5966905318391832,-1,-1.0
2025-08-15 14:00:00+00:00,1.1715089082717896,1.3559322357177734,-0.021501276187611246,2.73404654663264,0.5904769386110393,-1,-1.0
2025-08-15 15:00:00+00:00,1.1709601879119873,1.3562631607055664,-0.019603397614682827,2.7249003397459117,0.5822386888852503,-1,-1.0
2025-08-15 16:00:00+00:00,1.1706860065460205,1.3557851314544678,-0.017167892553929504,2.726379232375826,0.5741421477130783,-1,-1.0
2025-08-15 17:00:00+00:00,1.170823097229004,1.3556196689605713,-0.01463268572844087,2.729094941800411,0.5664249076895805,-1,-1.0
2025-08-15 18:00:00+00:00,1.170548915863037,1.3554726839065552,-0.01241524041345099,2.72469487156917,0.5585661853769394,-1,-1.0
2025-08-15 19:00:00+00:00,1.1704120635986328,1.3556013107299805,-0.010408125369649607,2.715657038599135,0.5514106489725622,-1,-1.0
2025-08-15 20:00:00+00:00,1.170823097229004,1.3554176092147827,-0.0077149945096052774,2.71968021060169,0.5439551887690443,-1,-1.0
2025-08-15 21:00:00+00:00,1.170823097229004,1.3554359674453735,-0.005104581754407089,2.7212149343089242,0.5353475565689951,-1,-1.0
2025-08-17 23:00:00+00:00,1.1710972785949707,1.3557851314544678,-0.002021191726989252,2.7304569109006245,0.5255337668507123,-1,-1.0
2025-08-18 00:00:00+00:00,1.170548915863037,1.3553624153137207,0.0011048681485106293,2.73910115541455,0.5142516642010907,-1,-1.0
2025-08-18 01:00:00+00:00,1.1706860065460205,1.355968952178955,0.004246815754733457,2.7468163105376484,0.5035628481019069,-1,-1.0
2025-08-18 02:00:00+00:00,1.1704120635986328,1.3550502061843872,0.007971280872161368,2.763717287447352,0.49165788405468136,-1,-1.0
2025-08-18 03:00:00+00:00,1.1706860065460205,1.355711579322815,0.008365741643385355,2.7199087665930226,0.49034238479726283,-1,-1.0
2025-08-18 04:00:00+00:00,1.1712344884872437,1.3563551902770996,0.008576052246099503,2.674443819394441,0.49042559609876446,-1,-1.0
2025-08-18 05:00:00+00:00,1.1709601879119873,1.3562631607055664,0.008440365920456272,2.6248532085867247,0.49021143465276146,-1,-1.0
2025-08-18 06:00:00+00:00,1.169864296913147,1.3545180559158325,0.008261046479069,2.5765916009526117,0.4897967043317225,-1,-1.0
2025-08-18 07:00:00+00:00,1.1686338186264038,1.3540778160095215,0.007857182554244863,2.526490776528939,0.4881825455012962,-1,-1.0
2025-08-18 08:00:00+00:00,1.1684973239898682,1.3547749519348145,0.00830315745812149,2.4925820717456943,0.4855015259548853,-1,-1.0
2025-08-18 09:00:00+00:00,1.1683608293533325,1.3540778160095215,0.009194881288568796,2.4672271684098077,0.4829987251846688,-1,-1.0
2025-08-18 10:00:00+00:00,1.1684973239898682,1.3537845611572266,0.009433073874691694,2.4318945605370716,0.482943399084202,-1,-1.0
2025-08-18 11:00:00+00:00,1.1678149700164795,1.3538211584091187,0.00873496738046578,2.382622918123815,0.4832765508552562,-1,-1.0
2025-08-18 12:00:00+00:00,1.1678149700164795,1.3544079065322876,0.008310337156043734,2.3395683214334357,0.4839860039896451,-1,-1.0
2025-08-18 13:00:00+00:00,1.1679514646530151,1.3538395166397095,0.0085823585311324,2.309237060166685,0.48414446205393963,-1,-1.0
2025-08-18 14:00:00+00:00,1.1667250394821167,1.3517714738845825,0.008630172633424832,2.276346279630636,0.4829556861862898,-1,-1.0
2025-08-18 15:00:00+00:00,1.1671334505081177,1.3519359827041626,0.009084488548064706,2.2509007595081947,0.4824147932006655,-1,-1.0
2025-08-18 16:00:00+00:00,1.16604483127594,1.3509132862091064,0.008657870195227929,2.2125459739286484,0.481944429500388,-1,-1.0
2025-08-18 17:00:00+00:00,1.1665889024734497,1.3510043621063232,0.009141934905150473,2.1894673331514762,0.4817780042947267,-1,-1.0
2025-08-18 18:00:00+00:00,1.1663167476654053,1.3506395816802979,0.009139693548868011,2.15961144251631,0.4814420650245435,-1,-1.0
2025-08-18 19:00:00+00:00,1.1669973134994507,1.3506395816802979,0.009828931005722602,2.1411301996381895,0.4810897757932397,-1,-1.0
2025-08-18 20:00:00+00:00,1.1665889024734497,1.3502929210662842,0.00978159911591639,2.1120623071892592,0.48049307376429107,-1,-1.0
2025-08-18 21:00:00+00:00,1.1664528846740723,1.3509862422943115,0.00976296241135563,2.084272872692703,0.47934754453215883,-1,-1.0
2025-08-18 22:00:00+00:00,1.1671334505081177,1.351022720336914,0.01078855992966396,2.0727548798805566,0.4778343540966585,-1,-1.0
2025-08-18 23:00:00+00:00,1.1669973134994507,1.350858449935913,0.011154454815395565,2.051768506979519,0.4764230345547066,-1,-1.0
2025-08-19 00:00:00+00:00,1.1661807298660278,1.3502200841903687,0.010970135210082943,2.0232803742634045,0.47545568838459235,-1,-1.0
2025-08-19 01:00:00+00:00,1.1653653383255005,1.3497098684310913,0.010916950408706189,1.9974957394197856,0.4738999135922133,-1,-1.0
2025-08-19 02:00:00+00:00,1.1655012369155884,1.3498190641403198,0.011277878432466137,1.9783538674018797,0.47295762557154725,-1,-1.0
2025-08-19 03:00:00+00:00,1.1657729148864746,1.3501107692718506,0.011754103457066206,1.9613371518834746,0.47180717184714765,-1,-1.0
2025-08-19 04:00:00+00:00,1.1664528846740723,1.3505666255950928,0.012678662494220533,1.9510910842553828,0.4701409940193824,-1,-1.0
2025-08-19 05:00:00+00:00,1.1659088134765625,1.349892020225525,0.012835510420051544,1.9301584012414212,0.46884611428469847,-1,-1.0
2025-08-19 06:00:00+00:00,1.1676785945892334,1.3514060974121094,0.014024018912006109,1.9242078362823836,0.46819096764305523,-1,-1.0
2025-08-19 07:00:00+00:00,1.1686338186264038,1.3521188497543335,0.014658848055277701,1.9105650500316589,0.46797889794906034,-1,-1.0
2025-08-19 08:00:00+00:00,1.1678149700164795,1.3520638942718506,0.014283122408006999,1.883190882377448,0.46696379482063766,-1,-1.0
2025-08-19 09:00:00+00:00,1.1682243347167969,1.351862907409668,0.01492527556287035,1.870533265092659,0.4662265892858091,-1,-1.0
2025-08-19 10:00:00+00:00,1.1691803932189941,1.3522101640701294,0.015681632565905407,1.8596904732404145,0.4660342015850576,-1,-1.0
2025-08-19 11:00:00+00:00,1.1689070463180542,1.3521188497543335,0.0156199407913227,1.8378962620703083,0.4655679450092897,-1,-1.0
2025-08-19 12:00:00+00:00,1.1679514646530151,1.3510956764221191,0.01528748485196707,1.8129448343410033,0.46512615611431335,-1,-1.0
2025-08-19 13:00:00+00:00,1.1679514646530151,1.3510409593582153,0.015314530074332394,1.7934260620126077,0.4650988756260208,-1,-1.0
2025-08-19 14:00:00+00:00,1.1676785945892334,1.3503658771514893,0.015660442605057473,1.7786284281891378,0.46394327393815665,-1,-1.0
2025-08-19 15:00:00+00:00,1.1663167476654053,1.3491816520690918,0.015461865633678323,1.7568665441729618,0.4620689776561143,-1,-1.0
2025-08-19 16:00:00+00:00,1.16604483127594,1.3491089344024658,0.01591287791113377,1.7442081544239625,0.459867314661242,-1,-1.0
2025-08-19 17:00:00+00:00,1.1657729148864746,1.3490725755691528,0.016458548883685115,1.7330365890607682,0.45730734317987554,-1,-1.0
2025-08-19 18:00:00+00:00,1.164958119392395,1.3484903573989868,0.01679339906027516,1.7192992927258914,0.4545091367298658,-1,-1.0
2025-08-19 19:00:00+00:00,1.164958119392395,1.34890878200531,0.017761986750693348,1.7141168750753115,0.45080178302372886,-1,-1.0
2025-08-19 20:00:00+00:00,1.164958119392395,1.3493273258209229,0.018740810023274712,1.7091167966326004,0.4470679555630318,-1,-1.0
2025-08-19 21:00:00+00:00,1.1648223400115967,1.3488905429840088,0.020003448418459302,1.707835486187525,0.44294323294084903,-1,-1.0
2025-08-19 22:00:00+00:00,1.1652295589447021,1.3491816520690918,0.021960968825839616,1.715486641521155,0.437255162656619,-1,-1.0
2025-08-19 23:00:00+00:00,1.1644154787063599,1.3485448360443115,0.02306392700518911,1.7119071263650927,0.43191980217537684,-1,-1.0
2025-08-20 00:00:00+00:00,1.1644154787063599,1.348126769065857,0.024772607999232976,1.7160718299758593,0.42664804224523656,-1,-1.0
2025-08-20 01:00:00+00:00,1.163061261177063,1.3473457098007202,0.025642077130821755,1.7093859041950525,0.42065786425762813,-1,-1.0
2025-08-20 02:00:00+00:00,1.1629259586334229,1.3467469215393066,0.027595080752899986,1.7165047930265025,0.41433470834098357,-1,-1.0
2025-08-20 03:00:00+00:00,1.163602590560913,1.3473275899887085,0.03008069090048944,1.7300661440482854,0.4073491664530232,-1,-1.0
2025-08-20 04:00:00+00:00,1.163873314857483,1.3475455045700073,0.03130919141271733,1.7274335446581737,0.40378966284910295,-1,-1.0
2025-08-20 05:00:00+00:00,1.1642799377441406,1.3485995531082153,0.03208556684075388,1.719152325344135,0.4013059813697978,-1,-1.0
2025-08-20 06:00:00+00:00,1.1637378931045532,1.3491089344024658,0.03220796104756027,1.702881659801009,0.39883602665899864,-1,-1.0
2025-08-20 07:00:00+00:00,1.164686679840088,1.350694179534912,0.03350127035872552,1.7014050952116002,0.39568679214302777,-1,-1.0
2025-08-20 08:00:00+00:00,1.1641442775726318,1.3502565622329712,0.034276625909228836,1.6935143697054724,0.3919806000205553,-1,-1.0
2025-08-20 09:00:00+00:00,1.1648223400115967,1.350201964378357,0.03599116319391385,1.697243745273115,0.38826241353865404,-1,-1.0
2025-08-20 10:00:00+00:00,1.164958119392395,1.349436640739441,0.037266603149935074,1.695450175515219,0.38513000673760983,-1,-1.0
2025-08-20 11:00:00+00:00,1.1645511388778687,1.3473820686340332,0.03852823652246873,1.6934660262020955,0.3816948997016657,-1,-1.0
2025-08-20 12:00:00+00:00,1.1674060821533203,1.3489633798599243,0.04152492633248768,1.712409489315133,0.3783680361551113,-1,-1.0
2025-08-20 13:00:00+00:00,1.1661807298660278,1.347563624382019,0.04183703196583523,1.698542545531981,0.37511801645315235,-1,-1.0
2025-08-20 14:00:00+00:00,1.1667250394821167,1.3472912311553955,0.04367755780651715,1.7032438665166687,0.37076352741202034,-1,-1.0
2025-08-20 15:00:00+00:00,1.1652295589447021,1.345062255859375,0.04458581890858909,1.696658992362759,0.3654438867338706,-1,-1.0
2025-08-20 16:00:00+00:00,1.1663167476654053,1.3460761308670044,0.04690444252023131,1.7068954802176568,0.35985362138974086,-1,-1.0
2025-08-20 17:00:00+00:00,1.1675423383712769,1.3468738794326782,0.049060282253472226,1.714886773034556,0.3554250318666994,-1,-1.0
2025-08-20 18:00:00+00:00,1.1659088134765625,1.3452612161636353,0.04934068122502175,1.7005711305742723,0.3511946754320303,-1,-1.0
2025-08-20 19:00:00+00:00,1.1656370162963867,1.3454241752624512,0.05052369561146193,1.697091134932824,0.3462784107434723,-1,-1.0
2025-08-20 20:00:00+00:00,1.1652295589447021,1.3456052541732788,0.05153807391956776,1.691651654453246,0.34152642143090284,-1,-1.0
2025-08-20 21:00:00+00:00,1.1655012369155884,1.3457320928573608,0.05319109538470709,1.6936832076572057,0.33663622542514865,-1,-1.0
2025-08-20 22:00:00+00:00,1.1656370162963867,1.345569133758545,0.05515717189232487,1.6991925240140975,0.3305421765420566,-1,-1.0
2025-08-20 23:00:00+00:00,1.1655012369155884,1.3464930057525635,0.05612693823469271,1.6930471826592046,0.3261283395687506,-1,-1.0
2025-08-21 00:00:00+00:00,1.164958119392395,1.3456052541732788,0.05625973720056185,1.6773943967958385,0.3248353606050597,-1,-1.0
2025-08-21 01:00:00+00:00,1.164958119392395,1.3458588123321533,0.05675825333136572,1.6662204902162667,0.32295098499040886,-1,-1.0
2025-08-21 02:00:00+00:00,1.1650937795639038,1.3451164960861206,0.05652895485322712,1.6469409343934849,0.32471810558832787,-1,-1.0
2025-08-21 03:00:00+00:00,1.1650937795639038,1.3453155755996704,0.055438352607127,1.6182816747984101,0.32823275968437166,-1,-1.0
2025-08-21 04:00:00+00:00,1.164958119392395,1.3451346158981323,0.05468959099346152,1.59406602785161,0.3305143281792101,-1,-1.0
2025-08-21 05:00:00+00:00,1.1652295589447021,1.3453155755996704,0.05385103978648703,1.5693201983173835,0.33397679580323814,-1,-1.0
2025-08-21 06:00:00+00:00,1.1633317470550537,1.3444112539291382,0.051479390761482516,1.527841701451033,0.3372414476690457,-1,-1.0
2025-08-21 07:00:00+00:00,1.1661807298660278,1.3454241752624512,0.052455704670451575,1.524577592777666,0.34133867421867103,-1,-1.0
2025-08-21 08:00:00+00:00,1.1659088134765625,1.3466018438339233,0.05012393405086635,1.4844380193659275,0.3473871367981197,0,-1.0
2025-08-21 09:00:00+00:00,1.1659088134765625,1.3475998640060425,0.04810570767916114,1.4484890547773521,0.3532896207837594,0,-1.0
2025-08-21 10:00:00+00:00,1.1653653383255005,1.3473457098007202,0.04550285902796267,1.4066323864973864,0.36067964883909553,0,-1.0
2025-08-21 11:00:00+00:00,1.1645511388778687,1.345496654510498,0.04290469705913197,1.3654886007081206,0.3687486367791884,0,-1.0
2025-08-21 12:00:00+00:00,1.1650937795639038,1.3448452949523926,0.041090595963380674,1.3336470225910075,0.37704660569961723,0,-1.0
2025-08-21 13:00:00+00:00,1.162520408630371,1.3426063060760498,0.036470051065034634,1.271197501086312,0.38735720379106253,0,-1.0
2025-08-21 14:00:00+00:00,1.1619800329208374,1.3426783084869385,0.032947529340570034,1.2216944048954732,0.39766312935369047,0,-1.0
2025-08-21 15:00:00+00:00,1.1610356569290161,1.3413995504379272,0.028928026192074116,1.1672783744715733,0.4098701094704075,0,-1.0
2025-08-21 16:00:00+00:00,1.1615750789642334,1.3419756889343262,0.025620256772310057,1.121312526920374,0.4220963497222736,0,-1.0
2025-08-21 17:00:00+00:00,1.1621150970458984,1.3423179388046265,0.022273546282030793,1.0753644534510671,0.43467751414392625,0,-1.0
2025-08-21 18:00:00+00:00,1.161440134048462,1.3419395685195923,0.01769258322597017,1.0161598909748637,0.44869420150904804,0,-1.0
2025-08-21 19:00:00+00:00,1.1610356569290161,1.3413276672363281,0.013161378420589065,0.9579502742489406,0.4636350651085879,0,-1.0
2025-08-21 20:00:00+00:00,1.1610356569290161,1.3412736654281616,0.008861939922852224,0.9026820107411451,0.478341521818998,0,-1.0
2025-08-21 21:00:00+00:00,1.161170482635498,1.3412017822265625,0.0038329795719015403,0.8396019110570855,0.49595498663651333,0,-1.0
2025-08-21 22:00:00+00:00,1.1617100238800049,1.3417235612869263,-0.0009327999255113462,0.7797150373187964,0.5130916775826359,0,-1.0
2025-08-21 23:00:00+00:00,1.1617100238800049,1.3417775630950928,-0.00550851609128411,0.7221294248053298,0.5285853470978056,0,-1.0
2025-08-22 00:00:00+00:00,1.1618449687957764,1.342011570930481,-0.009402108551195443,0.6722805460380364,0.5419027242966626,0,-1.0
2025-08-22 01:00:00+00:00,1.16130530834198,1.3410578966140747,-0.01085367524295483,0.6498323606936696,0.5465786876812138,0,-1.0
2025-08-22 02:00:00+00:00,1.16130530834198,1.3411476612091064,-0.012213196612263416,0.6284216283572619,0.5510857442663321,0,-1.0
2025-08-22 03:00:00+00:00,1.1594202518463135,1.3400874137878418,-0.015100999752744315,0.5897506799606224,0.5568899612447171,0,-1.0
2025-08-22 04:00:00+00:00,1.1588828563690186,1.3393514156341553,-0.016836622020769132,0.5640797776527137,0.562290463694537,0,-1.0
2025-08-22 05:00:00+00:00,1.159151554107666,1.3393874168395996,-0.018074836764163604,0.5440066049660874,0.5672694906755603,0,-1.0
2025-08-22 06:00:00+00:00,1.1592857837677002,1.3402490615844727,-0.01973519356945677,0.5190628658567682,0.5720887136178149,0,-1.0
2025-08-22 07:00:00+00:00,1.1599582433700562,1.340644359588623,-0.020497507219147698,0.5043377192454199,0.5760917790962227,0,-1.0
2025-08-22 08:00:00+00:00,1.1602274179458618,1.3413456678390503,-0.021517215437750065,0.4865898624385276,0.5793282134990902,0,-1.0
2025-08-22 09:00:00+00:00,1.160092830657959,1.3412017822265625,-0.022871627335835976,0.4648884868632378,0.5837583986725414,0,-1.0
2025-08-22 10:00:00+00:00,1.1599582433700562,1.3410218954086304,-0.024478279040651002,0.4401545794900558,0.5891052324575017,0,-1.0
2025-08-22 11:00:00+00:00,1.1609008312225342,1.3415075540542603,-0.02514709972385265,0.426243806120178,0.5934204547892842,0,-1.0
2025-08-22 12:00:00+00:00,1.16130530834198,1.3414356708526611,-0.02582408131344263,0.4121554215299727,0.5970193332753154,0,-1.0
2025-08-22 13:00:00+00:00,1.1602274179458618,1.342209815979004,-0.028644047250913823,0.37264463166649153,0.6022752984748958,0,-1.0
2025-08-22 14:00:00+00:00,1.172195553779602,1.3523198366165161,-0.02439437131589814,0.4168985239505842,0.6072227925779717,0,-1.0
2025-08-22 15:00:00+00:00,1.171783447265625,1.352630853652954,-0.026306567330968006,0.387768587231849,0.6119270515817794,0,-1.0
2025-08-22 16:00:00+00:00,1.1724703311920166,1.3525211811065674,-0.02714007027375062,0.37138303955175744,0.6167922158580001,0,-1.0
2025-08-22 17:00:00+00:00,1.1741223335266113,1.3536195755004883,-0.02830009690786464,0.35090059549631136,0.6236199913217151,0,-1.0
2025-08-22 18:00:00+00:00,1.1726078987121582,1.352539300918579,-0.03070220735612883,0.31506261312407297,0.6289491544916953,0,-1.0
2025-08-22 19:00:00+00:00,1.1724703311920166,1.3517714738845825,-0.031671838585659084,0.29648231397741687,0.6329617431358038,0,-1.0
2025-08-22 20:00:00+00:00,1.1726078987121582,1.3526674509048462,-0.03355563759780922,0.26640744842208625,0.6381978804979933,0,-1.0
2025-08-22 21:00:00+00:00,1.1726078987121582,1.3519724607467651,-0.034564113378887595,0.24694211117673295,0.6426296380216027,0,-1.0
2025-08-24 23:00:00+00:00,1.1712344884872437,1.3510043621063232,-0.03591096727669532,0.2229881000107079,0.6447411738404665,0,-1.0
2025-08-25 00:00:00+00:00,1.1701380014419556,1.349800944328308,-0.03648853201840102,0.20851797541911155,0.645459642615465,0,-1.0
2025-08-25 01:00:00+00:00,1.1700011491775513,1.3494548797607422,-0.036601501430367694,0.19984548002309374,0.6459985603232713,0,-1.0
2025-08-25 02:00:00+00:00,1.1700011491775513,1.3500195741653442,-0.03729919490614694,0.18354589437263008,0.6474227440856618,0,-1.0
2025-08-25 03:00:00+00:00,1.1710972785949707,1.3511505126953125,-0.037977651162040355,0.1673397354828101,0.6509872048770359,0,-1.0
2025-08-25 04:00:00+00:00,1.1709601879119873,1.3512418270111084,-0.03935045674632254,0.14181888211301452,0.6550126077716152,0,-1.0
2025-08-25 05:00:00+00:00,1.1704120635986328,1.3510591983795166,-0.040779325014440926,0.11520570396232505,0.6584995943484092,0,-1.0
2025-08-25 06:00:00+00:00,1.171783447265625,1.351990818977356,-0.041377154125192855,0.09932674038842908,0.6628597986626715,0,-1.0
2025-08-25 07:00:00+00:00,1.1701380014419556,1.3503841161727905,-0.042687841554471306,0.07358382337696727,0.6651690924016616,0,-1.0
2025-08-25 08:00:00+00:00,1.170823097229004,1.3503658771514893,-0.0427166729101649,0.06492130350828611,0.6672435857038268,0,-1.0
2025-08-25 09:00:00+00:00,1.1695905923843384,1.3495277166366577,-0.04375017360588601,0.042337963081996575,0.6685598113380139,0,-1.0
2025-08-25 10:00:00+00:00,1.1691803932189941,1.3490906953811646,-0.04398249546592781,0.030512713899045522,0.6688873549857143,0,-1.0
2025-08-25 11:00:00+00:00,1.170548915863037,1.3519177436828613,-0.0446742601379074,0.01211271851779803,0.6704175026786354,0,-1.0
2025-08-25 12:00:00+00:00,1.1704120635986328,1.350584864616394,-0.04442946018984939,0.006793176449601153,0.6714143245041453,0,-1.0
2025-08-25 13:00:00+00:00,1.170548915863037,1.3508949279785156,-0.045155330835131374,-0.012342179858350155,0.6737040240546933,0,-1.0
2025-08-25 14:00:00+00:00,1.1693171262741089,1.3502565622329712,-0.04645758079634066,-0.04003267193265427,0.6755948745422815,0,-1.0
2025-08-25 15:00:00+00:00,1.1672697067260742,1.348981499671936,-0.04809910613533788,-0.07303420292365846,0.6773563944537702,0,-1.0
2025-08-25 16:00:00+00:00,1.1659088134765625,1.3487995862960815,-0.049819209774998874,-0.10763018254271126,0.6795116856757744,0,-1.0
2025-08-25 17:00:00+00:00,1.164958119392395,1.3479087352752686,-0.05074174685933461,-0.130839190450726,0.6813731366558516,0,-1.0
2025-08-25 18:00:00+00:00,1.16225004196167,1.3460400104522705,-0.053028795320942373,-0.17480062381427294,0.6844186702142675,0,-1.0
2025-08-25 19:00:00+00:00,1.16130530834198,1.345406174659729,-0.054530609341817554,-0.2074297407345236,0.6878261852497891,0,-1.0
2025-08-25 20:00:00+00:00,1.1621150970458984,1.3453880548477173,-0.05455198906290376,-0.21777580024370716,0.6902790075111718,0,-1.0
2025-08-25 21:00:00+00:00,1.16225004196167,1.3458588123321533,-0.055355974732601954,-0.24023162020525182,0.692563639150579,0,-1.0
2025-08-25 22:00:00+00:00,1.1623852252960205,1.345532774925232,-0.05566217148571154,-0.25508320606596946,0.6945525778131814,0,-1.0
2025-08-25 23:00:00+00:00,1.1617100238800049,1.3454604148864746,-0.056844424477520944,-0.2837700705039773,0.6967045260251692,0,-1.0
2025-08-26 00:00:00+00:00,1.1650937795639038,1.3481086492538452,-0.05581011975655567,-0.27734998210447015,0.6983926297410183,0,-1.0
2025-08-26 01:00:00+00:00,1.1645511388778687,1.3473457098007202,-0.0562387208818024,-0.2941667991935456,0.6995937559731166,0,-1.0
2025-08-26 02:00:00+00:00,1.1640088558197021,1.3464930057525635,-0.05652971297895415,-0.30884053215474394,0.7004949964504845,0,-1.0
2025-08-26 03:00:00+00:00,1.1629259586334229,1.3452250957489014,-0.05718125766772025,-0.3293899219441911,0.7017787736354882,0,-1.0
2025-08-26 04:00:00+00:00,1.1633317470550537,1.3456052541732788,-0.056727384155432936,-0.3318648483367292,0.700757056727541,0,-1.0
2025-08-26 05:00:00+00:00,1.1645511388778687,1.3466744422912598,-0.05604683893639928,-0.33036926555511703,0.7001204116622189,0,-1.0
2025-08-26 06:00:00+00:00,1.162520408630371,1.345913052558899,-0.05734880282402996,-0.3618643992191099,0.6999608661435459,0,-1.0
2025-08-26 07:00:00+00:00,1.162520408630371,1.3456233739852905,-0.05722515131601627,-0.36940493050033113,0.7000518731157709,0,-1.0
2025-08-26 08:00:00+00:00,1.1621150970458984,1.346329927444458,-0.05800347584794055,-0.3921313493377849,0.7002608005616715,0,-1.0
2025-08-26 09:00:00+00:00,1.1645511388778687,1.3480359315872192,-0.05629606911316504,-0.372255994742558,0.6985860510861023,0,-1.0
2025-08-26 10:00:00+00:00,1.1648223400115967,1.3479450941085815,-0.055912198624720605,-0.37471895401772726,0.6982379336333767,0,-1.0
2025-08-26 11:00:00+00:00,1.1657729148864746,1.3487995862960815,-0.055304584596849005,-0.3732241710775026,0.6974546623931406,0,-1.0
2025-08-26 12:00:00+00:00,1.164958119392395,1.3479268550872803,-0.055258042046742284,-0.3814603454166231,0.6964689922029477,0,-1.0
2025-08-26 13:00:00+00:00,1.1655012369155884,1.347981333732605,-0.05453465854234843,-0.37772035239557716,0.6955131293873241,0,-1.0
2025-08-26 14:00:00+00:00,1.1659088134765625,1.3479633331298828,-0.05387310221994304,-0.3749518168307893,0.6944996187524939,0,-1.0
2025-08-26 15:00:00+00:00,1.1659088134765625,1.348235845565796,-0.05387422127931729,-0.3839699352326212,0.6940335129291705,0,-1.0
2025-08-26 16:00:00+00:00,1.1652295589447021,1.3478178977966309,-0.054113065413261746,-0.39736934754544534,0.6936021999932533,0,-1.0
2025-08-26 17:00:00+00:00,1.1642799377441406,1.3474546670913696,-0.05480010944371291,-0.41901104831487,0.6937990183089973,0,-1.0
2025-08-26 18:00:00+00:00,1.164686679840088,1.3479995727539062,-0.05486607515738584,-0.42947002754787184,0.6942502328356649,0,-1.0
2025-08-26 19:00:00+00:00,1.1644154787063599,1.3479268550872803,-0.05506725063358786,-0.4425453083973385,0.6942694824553908,0,-1.0
2025-08-26 20:00:00+00:00,1.1644154787063599,1.3478542566299438,-0.054600648555657105,-0.4434666198562134,0.6928316660318119,0,-1.0
2025-08-26 21:00:00+00:00,1.164958119392395,1.3479450941085815,-0.05377959352653702,-0.4377579147726355,0.6914858516249925,0,-1.0
2025-08-26 22:00:00+00:00,1.164686679840088,1.348090410232544,-0.05360151499317403,-0.444111511096371,0.6898599084857774,0,-1.0
2025-08-26 23:00:00+00:00,1.1641442775726318,1.3477089405059814,-0.05321381346426471,-0.4463787147408225,0.6876539244789062,0,-1.0
2025-08-27 00:00:00+00:00,1.1640088558197021,1.3472005128860474,-0.052478093201072384,-0.4417984975479055,0.685665573732467,0,-1.0
2025-08-27 01:00:00+00:00,1.163602590560913,1.3470371961593628,-0.05206650222005696,-0.44334427466036985,0.6833912156911826,0,-1.0
2025-08-27 02:00:00+00:00,1.1634671688079834,1.3463118076324463,-0.051910055360906315,-0.4495601102142683,0.6837116082808284,0,-1.0
2025-08-27 03:00:00+00:00,1.1627906560897827,1.3457682132720947,-0.05255483393998103,-0.4712979302599461,0.6848540383449808,0,-1.0
2025-08-27 04:00:00+00:00,1.1617100238800049,1.3448632955551147,-0.05364563540125225,-0.5018788489527349,0.6869522637061428,0,-1.0
2025-08-27 05:00:00+00:00,1.1623852252960205,1.3456233739852905,-0.053878219999070165,-0.5155973185463829,0.6883855882237728,0,-1.0
2025-08-27 06:00:00+00:00,1.1623852252960205,1.3464205265045166,-0.05467443759879867,-0.5405843084038782,0.6896918129843137,0,-1.0
2025-08-27 07:00:00+00:00,1.1607661247253418,1.3453880548477173,-0.05639341605440204,-0.5842719698539267,0.6925708924230515,0,-1.0
2025-08-27 08:00:00+00:00,1.1592857837677002,1.344573974609375,-0.058613028673299816,-0.6383229979811202,0.6971733378986879,0,-1.0
2025-08-27 09:00:00+00:00,1.1594202518463135,1.3441944122314453,-0.05963886157016704,-0.6683022157536813,0.7016989487433546,0,-1.0
2025-08-27 10:00:00+00:00,1.1583458185195923,1.3423179388046265,-0.06118646269268291,-0.709228686493309,0.7071362062350371,0,-1.0
2025-08-27 11:00:00+00:00,1.1588828563690186,1.3431291580200195,-0.06252508213595301,-0.7460944101764511,0.7117968977780298,0,-1.0
2025-08-27 12:00:00+00:00,1.1590172052383423,1.3441402912139893,-0.06426231477745142,-0.7913539308871825,0.7162516140112302,0,-1.0
2025-08-27 13:00:00+00:00,1.1602274179458618,1.3448271751403809,-0.0644580550904833,-0.804744151611728,0.7191997833390247,0,-1.0
2025-08-27 14:00:00+00:00,1.1595547199249268,1.3460942506790161,-0.06668812526918319,-0.8608034284524481,0.7224729323731212,0,-1.0
2025-08-27 15:00:00+00:00,1.161440134048462,1.3467106819152832,-0.06595096216497123,-0.8545336302634041,0.724343234359029,0,-1.0
2025-08-27 16:00:00+00:00,1.1641442775726318,1.3496370315551758,-0.06519091798431881,-0.8477154655868201,0.7243207399646535,0,-1.0
2025-08-27 17:00:00+00:00,1.1641442775726318,1.3501836061477661,-0.06539938039449886,-0.8615004159172298,0.724038256958126,0,-1.0
2025-08-27 18:00:00+00:00,1.1634671688079834,1.3498737812042236,-0.06576068990755607,-0.8786438374739092,0.7238571538167682,0,-1.0
2025-08-27 19:00:00+00:00,1.1637378931045532,1.3498737812042236,-0.0654818500335966,-0.8821670553283362,0.7237032281217541,0,-1.0
2025-08-27 20:00:00+00:00,1.1641442775726318,1.3500378131866455,-0.06497591706801345,-0.8805985621638481,0.7228878408437515,0,-1.0
2025-08-27 21:00:00+00:00,1.1640088558197021,1.3497462272644043,-0.06440543288048214,-0.8777063418886208,0.7211184505171626,0,-1.0
2025-08-27 22:00:00+00:00,1.1645511388778687,1.349892020225525,-0.06337721488727302,-0.8647321188413035,0.7189841636377984,0,-1.0
2025-08-27 23:00:00+00:00,1.1650937795639038,1.3504570722579956,-0.062130010399963104,-0.846748038148946,0.715382002494032,0,-1.0
2025-08-28 00:00:00+00:00,1.1648223400115967,1.3502929210662842,-0.061612153748310416,-0.8449312885721717,0.7131713761099959,0,-1.0
2025-08-28 01:00:00+00:00,1.1648223400115967,1.3503841161727905,-0.061042539942781415,-0.8418684175185241,0.7111147839512107,0,-1.0
2025-08-28 02:00:00+00:00,1.1656370162963867,1.3515887260437012,-0.0607008023879364,-0.8438951472512668,0.7101965392323,0,-1.0
2025-08-28 03:00:00+00:00,1.164686679840088,1.3508766889572144,-0.061007290033026074,-0.8605260397301221,0.7097480067911633,0,-1.0
2025-08-28 04:00:00+00:00,1.1642799377441406,1.3504570722579956,-0.06028311429177685,-0.8532838349131406,0.7069089819236781,0,-1.0
2025-08-28 05:00:00+00:00,1.1642799377441406,1.3504753112792969,-0.05963830897721992,-0.8478063570774714,0.70473112128489,0,-1.0
2025-08-28 06:00:00+00:00,1.164686679840088,1.350621223449707,-0.059064915391314615,-0.8439594796246186,0.7037321933843197,0,-1.0
2025-08-28 07:00:00+00:00,1.1648223400115967,1.3499467372894287,-0.058421502830882155,-0.8383154346558992,0.7031475962642587,0,-1.0
2025-08-28 08:00:00+00:00,1.1645511388778687,1.350001335144043,-0.05858422638499117,-0.8513669194202621,0.702819153270101,0,-1.0
2025-08-28 09:00:00+00:00,1.1652295589447021,1.3503841161727905,-0.05829682436460756,-0.8538016125709466,0.7031378655095794,0,-1.0
2025-08-28 10:00:00+00:00,1.1674060821533203,1.3522101640701294,-0.057333881733530045,-0.8400303811311778,0.702982221915969,0,-1.0
2025-08-28 11:00:00+00:00,1.1668611764907837,1.3514060974121094,-0.05721003702503061,-0.845973754676624,0.7024091430139874,0,-1.0
2025-08-28 12:00:00+00:00,1.1672697067260742,1.3503477573394775,-0.056295495679684726,-0.8329280962692308,0.7023618931744853,0,-1.0
2025-08-28 13:00:00+00:00,1.1678149700164795,1.3508766889572144,-0.05602968324123611,-0.835299082962079,0.7021163237841398,0,-1.0
2025-08-28 14:00:00+00:00,1.1675423383712769,1.351186990737915,-0.05643448361261866,-0.8538008392820908,0.7021497416361366,0,-1.0
2025-08-28 15:00:00+00:00,1.1675423383712769,1.3514060974121094,-0.0563762843055893,-0.8609382365452084,0.7015784241853682,0,-1.0
2025-08-28 16:00:00+00:00,1.1693171262741089,1.3521369695663452,-0.05565463076145244,-0.8516937106044288,0.7029638718745931,0,-1.0
2025-08-28 17:00:00+00:00,1.1691803932189941,1.3521188497543335,-0.056109459865987865,-0.8710264874052757,0.7041151472212627,0,-1.0
2025-08-28 18:00:00+00:00,1.1693171262741089,1.351643681526184,-0.05610999707923173,-0.8789515525501768,0.7053263630482722,0,-1.0
2025-08-28 19:00:00+00:00,1.1686338186264038,1.3512600660324097,-0.056910191988371134,-0.9065040827751998,0.7067078165500768,0,-1.0
2025-08-28 20:00:00+00:00,1.1686338186264038,1.3513330221176147,-0.05855569352822537,-0.9551889457805695,0.712046215165944,0,-1.0
2025-08-28 21:00:00+00:00,1.1682243347167969,1.3510775566101074,-0.0604296845492627,-1.0092944260792238,0.7175568286516921,0,-1.0
2025-08-28 22:00:00+00:00,1.1678149700164795,1.3507490158081055,-0.06288917960917673,-1.0777033813230963,0.7251518934581965,0,-1.0
2025-08-28 23:00:00+00:00,1.1682243347167969,1.3509496450424194,-0.06470323160632047,-1.1289182946448133,0.7319895802827361,0,-1.0
2025-08-29 00:00:00+00:00,1.1678149700164795,1.3509132862091064,-0.06629538445639482,-1.173404407184824,0.7361832510853489,0,-1.0
2025-08-29 01:00:00+00:00,1.16604483127594,1.349837303161621,-0.0685717031955595,-1.2343320874334456,0.7406701292366968,0,-1.0
2025-08-29 02:00:00+00:00,1.1664528846740723,1.35023832321167,-0.069958565079728,-1.2719989229725428,0.7457211826701832,0,-1.0
2025-08-29 03:00:00+00:00,1.1665889024734497,1.3498737812042236,-0.0708414552517686,-1.2960686444492906,0.7497238713047067,0,-1.0
2025-08-29 04:00:00+00:00,1.1668611764907837,1.3503477573394775,-0.07280634203135203,-1.3467002482962735,0.7561662651005641,0,-1.0
2025-08-29 05:00:00+00:00,1.1674060821533203,1.3500195741653442,-0.07348659885172978,-1.3638095131816814,0.7606009378197238,0,-1.0
2025-08-29 06:00:00+00:00,1.1671334505081177,1.34916353225708,-0.07439293618006743,-1.3859302800389741,0.7644582980205632,0,-1.0
2025-08-29 07:00:00+00:00,1.1679514646530151,1.3492544889450073,-0.07536066485336013,-1.408736758594479,0.7698557608455578,0,-1.0
2025-08-29 08:00:00+00:00,1.1678149700164795,1.3477634191513062,-0.07578177625113336,-1.4168001319027779,0.7737274124873254,0,-1.0
2025-08-29 09:00:00+00:00,1.1676785945892334,1.3461849689483643,-0.07562066398274234,-1.409470969819237,0.7758426091613881,0,-1.0
2025-08-29 10:00:00+00:00,1.1671334505081177,1.3462210893630981,-0.07651673205689588,-1.4282293869215454,0.7772158978706344,0,-1.0
2025-08-29 11:00:00+00:00,1.1665889024734497,1.3453699350357056,-0.07658678054495119,-1.4254952190919126,0.7775358654816651,0,-1.0
2025-08-29 12:00:00+00:00,1.1661807298660278,1.3460218906402588,-0.07778014173278547,-1.4503881415170292,0.7791064946819825,0,-1.0
2025-08-29 13:00:00+00:00,1.1672697067260742,1.3469102382659912,-0.07801561276571051,-1.4505398897324178,0.7813052142590755,0,-1.0
2025-08-29 14:00:00+00:00,1.170823097229004,1.35111403465271,-0.07941931160926366,-1.4792173433714322,0.7879797232706134,0,-1.0
2025-08-29 15:00:00+00:00,1.169864296913147,1.3508219718933105,-0.08196703762009,-1.5351701486543556,0.7942941460510206,1,-1.0
2025-08-29 16:00:00+00:00,1.170548915863037,1.3508219718933105,-0.08371579236788665,-1.5697807581534393,0.8020550134547926,1,1.0
2025-08-29 17:00:00+00:00,1.1700011491775513,1.3503477573394775,-0.0861852094976632,-1.6206705484242565,0.8096557259088847,1,1.0
2025-08-29 18:00:00+00:00,1.1702749729156494,1.3510956764221191,-0.08875321624186927,-1.672231425684126,0.8174774982161124,1,1.0
2025-08-29 19:00:00+00:00,1.1702749729156494,1.3515704870224,-0.09132218243528559,-1.7219300430053017,0.8250512840035702,1,1.0
2025-08-29 20:00:00+00:00,1.1690436601638794,1.3501471281051636,-0.09356159797105337,-1.761827910469949,0.8318998632216532,1,1.0
2025-08-29 21:00:00+00:00,1.1691803932189941,1.3501653671264648,-0.09510967140236323,-1.783436556781892,0.8374083272501417,1,1.0
2025-08-31 23:00:00+00:00,1.1694538593292236,1.3503477573394775,-0.09630177447615579,-1.7954490472429951,0.8417792363585139,1,1.0
2025-09-01 00:00:00+00:00,1.1701380014419556,1.3519177436828613,-0.09858971500218836,-1.832459923907832,0.8480628144523558,1,1.0
2025-09-01 01:00:00+00:00,1.169864296913147,1.351278305053711,-0.10038214419493233,-1.8562593284479183,0.8545723783036403,1,1.0
2025-09-01 02:00:00+00:00,1.1715089082717896,1.3527772426605225,-0.10245004195824506,-1.885244807306158,0.8629298627542946,1,1.0
2025-09-01 03:00:00+00:00,1.1712344884872437,1.3523746728897095,-0.10464836201050906,-1.9157976552528002,0.8702871415174084,1,1.0
2025-09-01 04:00:00+00:00,1.1712344884872437,1.351862907409668,-0.10617772928330846,-1.9295643598950205,0.876452530739711,1,1.0
2025-09-01 05:00:00+00:00,1.171783447265625,1.35255765914917,-0.10722977205016387,-1.9315864313015105,0.8799966731335529,1,1.0
2025-09-01 06:00:00+00:00,1.1728830337524414,1.353234887123108,-0.10889247603335023,-1.946958436852261,0.8871376986274649,1,1.0
2025-09-01 07:00:00+00:00,1.1728830337524414,1.3531067371368408,-0.1109120693622706,-1.9694252948906645,0.8940940010458894,1,1.0
2025-09-01 08:00:00+00:00,1.17384672164917,1.3536012172698975,-0.11282475320753635,-1.9884078194571697,0.9020449843795832,1,1.0
2025-09-01 09:00:00+00:00,1.172333002090454,1.3531067371368408,-0.11562592973549296,-2.0259447519935256,0.9081308661412002,1,1.0
2025-09-01 10:00:00+00:00,1.172333002090454,1.3524662256240845,-0.11727018257979532,-2.036645793875635,0.9150007776844716,1,1.0
2025-09-01 11:00:00+00:00,1.171783447265625,1.3524478673934937,-0.11922102858190509,-2.0533114996871045,0.9199504495816706,1,1.0
2025-09-01 12:00:00+00:00,1.1710972785949707,1.3533082008361816,-0.12150230524084948,-2.0762042498368944,0.9236209122518626,1,1.0
2025-09-01 13:00:00+00:00,1.1710972785949707,1.353747844696045,-0.12283199809191908,-2.077836160327595,0.927020605095114,1,1.0
2025-09-01 14:00:00+00:00,1.1713716983795166,1.354830026626587,-0.1242144387380538,-2.080364489783633,0.9299051887271816,1,1.0
2025-09-01 15:00:00+00:00,1.1704120635986328,1.3541878461837769,-0.12552862183384286,-2.081267139283688,0.9329905273212551,1,1.0
2025-09-01 16:00:00+00:00,1.170823097229004,1.3541878461837769,-0.12591775877219866,-2.0629135266299765,0.9354320106989824,1,1.0
2025-09-01 17:00:00+00:00,1.170823097229004,1.3542977571487427,-0.126951504283798,-2.0583311091649024,0.9385902003558523,1,1.0
2025-09-01 18:00:00+00:00,1.1710972785949707,1.3543895483016968,-0.1279393628278967,-2.052807762148596,0.9424088683550428,1,1.0
2025-09-01 19:00:00+00:00,1.1716461181640625,1.3548483848571777,-0.12925875279230728,-2.054033323438682,0.9472451280549383,1,1.0
2025-09-01 20:00:00+00:00,1.1713716983795166,1.3546648025512695,-0.13026862117100066,-2.048794509449283,0.9502231292373228,1,1.0
2025-09-01 21:00:00+00:00,1.1713716983795166,1.3544446229934692,-0.13159273251754725,-2.04984003587587,0.9550965940637113,1,1.0
2025-09-01 22:00:00+00:00,1.1715089082717896,1.3545364141464233,-0.13369566975535976,-2.0661840020068785,0.9621991665941608,1,1.0
2025-09-01 23:00:00+00:00,1.171783447265625,1.3547013998031616,-0.13535633361397886,-2.073107090325375,0.9680552366129995,1,1.0
2025-09-02 00:00:00+00:00,1.170823097229004,1.3538029193878174,-0.13684081215973423,-2.0761782709509298,0.9723694043093166,1,1.0
2025-09-02 01:00:00+00:00,1.1706860065460205,1.3536745309829712,-0.1385669056656057,-2.0836227019047424,0.9779872674868514,1,1.0
2025-09-02 02:00:00+00:00,1.1702749729156494,1.3529785871505737,-0.1406819050171401,-2.0981007554419575,0.9854854338170853,1,1.0
2025-09-02 03:00:00+00:00,1.169864296913147,1.352649211883545,-0.14244639435215403,-2.105180695509993,0.990959239428846,1,1.0
2025-09-02 04:00:00+00:00,1.1695905923843384,1.3527954816818237,-0.1434607745855301,-2.0975734618807174,0.9931872262404838,1,1.0
2025-09-02 05:00:00+00:00,1.1697274446487427,1.3521736860275269,-0.14377361201471772,-2.0768514265657045,0.9961252803670553,1,1.0
2025-09-02 06:00:00+00:00,1.1706860065460205,1.353033423423767,-0.14445393075384377,-2.063544503185603,0.9989905245050491,1,1.0
2025-09-02 07:00:00+00:00,1.164958119392395,1.3401232957839966,-0.13485611111078885,-1.858795414533713,0.9821685198376735,1,1.0
2025-09-02 08:00:00+00:00,1.164958119392395,1.341381549835205,-0.13255966980659947,-1.7954999317200382,0.9712111664125055,1,1.0
2025-09-02 09:00:00+00:00,1.1641442775726318,1.3401411771774292,-0.12836923448563073,-1.6986224985819474,0.9575802575266205,1,1.0
2025-09-02 10:00:00+00:00,1.163602590560913,1.3381685018539429,-0.12164649044370884,-1.5569364972696784,0.9377466276740302,1,1.0
2025-09-02 11:00:00+00:00,1.164958119392395,1.3384193181991577,-0.11455228938183251,-1.4109774390858532,0.9168001113992635,0,1.0
2025-09-02 12:00:00+00:00,1.1621150970458984,1.335309624671936,-0.10769603946411568,-1.271656121625002,0.8920144387406459,0,1.0
2025-09-02 13:00:00+00:00,1.1653653383255005,1.3392797708511353,-0.1028327695618167,-1.1709976325651617,0.8758623350486331,0,1.0
2025-09-02 14:00:00+00:00,1.1665889024734497,1.33969247341156,-0.09709895637428445,-1.0552484972261909,0.8589211513751792,0,1.0
2025-09-02 15:00:00+00:00,1.1656370162963867,1.3389748334884644,-0.0926627879662463,-0.9645693070114298,0.842504014631876,0,1.0
2025-09-02 16:00:00+00:00,1.164686679840088,1.3392080068588257,-0.09005190776955088,-0.9084476382277729,0.8302702788940252,0,1.0
2025-09-02 17:00:00+00:00,1.164686679840088,1.3384193181991577,-0.0854503076387465,-0.8156543343223436,0.8161617272415448,0,1.0
2025-09-02 18:00:00+00:00,1.163602590560913,1.337882161140442,-0.08251749519479526,-0.7543801543543345,0.8040127386665571,0,1.0
2025-09-02 19:00:00+00:00,1.1644154787063599,1.3389928340911865,-0.0794411889080994,-0.6906722900920742,0.793581215146407,0,1.0
2025-09-02 20:00:00+00:00,1.1644154787063599,1.3395488262176514,-0.07728642767328123,-0.6443608503507164,0.785083323981574,0,1.0
2025-09-02 21:00:00+00:00,1.1645511388778687,1.3394770622253418,-0.07449245634124835,-0.5861817182493093,0.7760665626285491,0,1.0
2025-09-02 22:00:00+00:00,1.1641442775726318,1.33879554271698,-0.07191650198760074,-0.5322060179287612,0.7673938936918451,0,1.0
2025-09-02 23:00:00+00:00,1.1637378931045532,1.3382940292358398,-0.06928929462333935,-0.477311297889199,0.7581664662270967,0,1.0
2025-09-03 00:00:00+00:00,1.163602590560913,1.3376137018203735,-0.06581520972691302,-0.4064579175078719,0.7471489929931294,0,1.0
2025-09-03 01:00:00+00:00,1.1633317470550537,1.337005615234375,-0.06245715627014975,-0.3377927902475651,0.735954969687802,0,1.0
2025-09-03 02:00:00+00:00,1.163061261177063,1.3366124629974365,-0.05937611098730722,-0.27435370402834336,0.7252802729233722,0,1.0
2025-09-03 03:00:00+00:00,1.1627906560897827,1.3362553119659424,-0.05642498919734745,-0.21332299186795836,0.7149653803098374,0,1.0
2025-09-03 04:00:00+00:00,1.1634671688079834,1.337005615234375,-0.053420463040882216,-0.15117695927565578,0.7052411496996734,0,1.0
2025-09-03 05:00:00+00:00,1.1633317470550537,1.336290955543518,-0.05015731373448115,-0.08400591955420675,0.6948841113444775,0,1.0
2025-09-03 06:00:00+00:00,1.163602590560913,1.3377031087875366,-0.04855534368898559,-0.04850897133978618,0.6876557342741415,0,1.0
2025-09-03 07:00:00+00:00,1.163873314857483,1.3366303443908691,-0.044959430789894644,0.025415887657793297,0.6779656466488142,0,1.0
2025-09-03 08:00:00+00:00,1.1659088134765625,1.3407881259918213,-0.043860316957675505,0.05141249333734617,0.6729960306784005,0,1.0
2025-09-03 09:00:00+00:00,1.1659088134765625,1.3408420085906982,-0.04256456434928205,0.08136389825734076,0.6684859456558262,0,1.0
2025-09-03 10:00:00+00:00,1.164686679840088,1.3404645919799805,-0.042558593210371365,0.0864791403611104,0.6655285848209771,0,1.0
2025-09-03 11:00:00+00:00,1.1656370162963867,1.3412916660308838,-0.041211461775513464,0.1178351975818314,0.6623204536574503,0,1.0
2025-09-03 12:00:00+00:00,1.1650937795639038,1.3424980640411377,-0.0419496589404984,0.10876429327768387,0.6612224496550355,0,1.0
2025-09-03 13:00:00+00:00,1.1652295589447021,1.3418855667114258,-0.04096304599359607,0.13359810427850752,0.6592898276657876,0,1.0
2025-09-03 14:00:00+00:00,1.1667250394821167,1.3433998823165894,-0.039868455582800305,0.16083865116426452,0.6574078051339007,0,1.0
2025-09-03 15:00:00+00:00,1.1678149700164795,1.3447909355163574,-0.03918585101088434,0.180164847299349,0.6559588495795011,0,1.0
2025-09-03 16:00:00+00:00,1.1678149700164795,1.3450260162353516,-0.03883631801939019,0.1931957099126421,0.6543928267867416,0,1.0
2025-09-03 17:00:00+00:00,1.1664528846740723,1.3441762924194336,-0.03923161524894217,0.19172853746937335,0.653181823878872,0,1.0
2025-09-03 18:00:00+00:00,1.1665889024734497,1.344212532043457,-0.038796288771019455,0.20707237627565764,0.6520448206152518,0,1.0
2025-09-03 19:00:00+00:00,1.1661807298660278,1.3439054489135742,-0.03884296203058554,0.21292033689494105,0.6515228028842249,0,1.0
2025-09-03 20:00:00+00:00,1.1664528846740723,1.3444656133651733,-0.03899207769625876,0.21678547323679756,0.651897642007208,0,1.0
2025-09-03 21:00:00+00:00,1.1664528846740723,1.344212532043457,-0.039256220754167126,0.21851950339445053,0.653205473155859,0,1.0
2025-09-03 22:00:00+00:00,1.1663167476654053,1.3439595699310303,-0.039589117000123075,0.21898917256091388,0.6543526037907041,0,1.0
2025-09-03 23:00:00+00:00,1.1664528846740723,1.3441582918167114,-0.03979669511859771,0.2222900044583775,0.6551219493208418,0,1.0
2025-09-04 00:00:00+00:00,1.1661807298660278,1.3443028926849365,-0.04019279238191109,0.2219032010673307,0.6554338348138905,0,1.0
2025-09-04 01:00:00+00:00,1.1663167476654053,1.3438512086868286,-0.03951114430428507,0.24424541240414555,0.6542672981214946,0,1.0
2025-09-04 02:00:00+00:00,1.1656370162963867,1.3431291580200195,-0.03930997399194522,0.2571231566962284,0.6528011732678295,0,1.0
2025-09-04 03:00:00+00:00,1.1656370162963867,1.3428946733474731,-0.038747452620427364,0.2779162527220358,0.6512797926776129,0,1.0
2025-09-04 04:00:00+00:00,1.1655012369155884,1.3427865505218506,-0.038357344297210105,0.29557708493597445,0.6497389439285176,0,1.0
2025-09-04 05:00:00+00:00,1.1659088134765625,1.3428586721420288,-0.03754777055015815,0.32271192228166135,0.648060416519271,0,1.0
2025-09-04 06:00:00+00:00,1.1655012369155884,1.343562364578247,-0.03800746672084626,0.32299350132298177,0.6472834587348809,0,1.0
2025-09-04 07:00:00+00:00,1.1655012369155884,1.3427144289016724,-0.03715253369492921,0.3526061083141269,0.6457690128717131,0,1.0
2025-09-04 08:00:00+00:00,1.16604483127594,1.3454241752624512,-0.037991852868572484,0.34519462202736295,0.6457814637265159,0,1.0
2025-09-04 09:00:00+00:00,1.1645511388778687,1.344085931777954,-0.03865385861541143,0.341941969022512,0.64585872939213,0,1.0
2025-09-04 10:00:00+00:00,1.1656370162963867,1.344935655593872,-0.038043250608257556,0.3678061044100387,0.6455658997395601,0,1.0
2025-09-04 11:00:00+00:00,1.164686679840088,1.3432915210723877,-0.03793706526112972,0.382982095981445,0.6451181266407516,0,1.0
2025-09-04 12:00:00+00:00,1.164958119392395,1.3441582918167114,-0.038074875180558465,0.3932913861406307,0.6449649891545584,0,1.0
2025-09-04 13:00:00+00:00,1.1653653383255005,1.3442305326461792,-0.037627984367062745,0.4179520984211977,0.644518580364187,0,1.0
2025-09-04 14:00:00+00:00,1.163873314857483,1.3427504301071167,-0.0381392510052298,0.4204778887362003,0.6443156663204134,0,1.0
2025-09-04 15:00:00+00:00,1.1650937795639038,1.3439054489135742,-0.03749315792639499,0.4514172825788677,0.643801375504577,0,1.0
2025-09-04 16:00:00+00:00,1.1644154787063599,1.3421378135681152,-0.03695338159909456,0.48066534600387273,0.6428675742430543,0,1.0
2025-09-04 17:00:00+00:00,1.1640088558197021,1.3422638177871704,-0.03721553317667611,0.49060036303013055,0.6423665891065885,0,1.0
2025-09-04 18:00:00+00:00,1.164686679840088,1.3426783084869385,-0.03658646694665446,0.5234529324693451,0.6415342948831588,0,1.0
2025-09-04 19:00:00+00:00,1.1653653383255005,1.3435442447662354,-0.03620129180974935,0.5509335216763339,0.6408019778933617,0,1.0
2025-09-04 20:00:00+00:00,1.1652295589447021,1.3435261249542236,-0.03592496168912257,0.5759292663340165,0.6395008941051501,0,1.0
2025-09-04 21:00:00+00:00,1.1652295589447021,1.3433637619018555,-0.03570023509472203,0.6007984946590372,0.6390013993552918,0,1.0
2025-09-04 22:00:00+00:00,1.1652295589447021,1.3433998823165894,-0.035505944475322126,0.625157489643703,0.6382850399918711,0,1.0
2025-09-04 23:00:00+00:00,1.16604483127594,1.3444474935531616,-0.03515638784693198,0.6541472969084542,0.6377860636805432,0,1.0
2025-09-05 00:00:00+00:00,1.1663167476654053,1.344971776008606,-0.035073828710062316,0.6759628194815718,0.6374552163620409,0,1.0
2025-09-05 01:00:00+00:00,1.1674060821533203,1.3452612161636353,-0.03403072968425089,0.7250285241827306,0.6366234025089891,0,1.0
2025-09-05 02:00:00+00:00,1.1671334505081177,1.3453518152236938,-0.034167579585639846,0.741110106777885,0.6361528677657461,0,1.0
2025-09-05 03:00:00+00:00,1.1675423383712769,1.3454241752624512,-0.03337675575390597,0.7833253800975009,0.6345527673107421,0,1.0
2025-09-05 04:00:00+00:00,1.1669973134994507,1.3450803756713867,-0.03305712315732004,0.8115466866202786,0.6324465845676664,0,1.0
2025-09-05 05:00:00+00:00,1.1680878400802612,1.3462210893630981,-0.03191146563555369,0.8638606607011324,0.6299314633106159,0,1.0
2025-09-05 06:00:00+00:00,1.1672697067260742,1.345876932144165,-0.03181389265016035,0.884338878560471,0.6277864683018436,0,1.0
2025-09-05 07:00:00+00:00,1.1680878400802612,1.3465837240219116,-0.030990533990446156,0.9263422904712219,0.6262664705145837,0,1.0
2025-09-05 08:00:00+00:00,1.1686338186264038,1.347091555595398,-0.030186794990308796,0.9667136045157462,0.6243447492756606,0,1.0
2025-09-05 09:00:00+00:00,1.1691803932189941,1.3481448888778687,-0.029657396737278463,0.997337275939671,0.6225042623092236,0,1.0
2025-09-05 10:00:00+00:00,1.1695905923843384,1.3479268550872803,-0.02864200165952646,1.0419456835115168,0.6206154840293724,0,1.0
2025-09-05 11:00:00+00:00,1.1690436601638794,1.3463480472564697,-0.02757490365659268,1.0865486892897727,0.6179002801081263,0,1.0
2025-09-05 12:00:00+00:00,1.1737089157104492,1.352027416229248,-0.027068742220803493,1.111642599592035,0.6208031426037401,0,1.0
2025-09-05 13:00:00+00:00,1.175364375114441,1.3549401760101318,-0.028699254813670555,1.0668398373882881,0.6264127942151939,0,1.0
2025-09-05 14:00:00+00:00,1.1739845275878906,1.3520822525024414,-0.02946946901615452,1.0482924305578025,0.6294568088176613,0,1.0
2025-09-05 15:00:00+00:00,1.1761938333511353,1.3542428016662598,-0.03043780462183615,1.0229546146271973,0.6355358414243758,0,1.0
2025-09-05 16:00:00+00:00,1.1741223335266113,1.3526124954223633,-0.032258637566782794,0.9697275788635908,0.6382627914924592,0,1.0
2025-09-05 17:00:00+00:00,1.1728830337524414,1.3512418270111084,-0.032266687484934276,0.9743962947874778,0.6369309765618986,0,1.0
2025-09-05 18:00:00+00:00,1.17205810546875,1.3505666255950928,-0.031732020640652,0.9961590416954916,0.6338699893803076,0,1.0
2025-09-05 19:00:00+00:00,1.17205810546875,1.3503477573394775,-0.03075974032834969,1.0317194801828093,0.6309749869907181,0,1.0
2025-09-05 20:00:00+00:00,1.172333002090454,1.3508219718933105,-0.0299631914150352,1.0608971540458454,0.628369244893817,0,1.0
2025-09-05 21:00:00+00:00,1.172333002090454,1.3506578207015991,-0.029322595933806678,1.0846159758035534,0.6264921749585945,0,1.0
2025-09-07 23:00:00+00:00,1.1716461181640625,1.3492181301116943,-0.02841266922407823,1.116671288974148,0.6237282515269568,0,1.0
2025-09-08 00:00:00+00:00,1.1716461181640625,1.3496370315551758,-0.027753615156411893,1.1398909811863673,0.6208844359715305,0,1.0
2025-09-08 01:00:00+00:00,1.1715089082717896,1.3501653671264648,-0.027209260854615613,1.1586785215084476,0.6178717938968961,0,1.0
2025-09-08 02:00:00+00:00,1.171783447265625,1.3504207134246826,-0.026599765235087502,1.1792243285582626,0.6162340031705714,0,1.0
2025-09-08 03:00:00+00:00,1.1712344884872437,1.3496370315551758,-0.026168013574904336,1.1935651552029787,0.6144242669088624,0,1.0
2025-09-08 04:00:00+00:00,1.1716461181640625,1.34969162940979,-0.02493818549260074,1.2329160980910387,0.6114120377565393,0,1.0
2025-09-08 05:00:00+00:00,1.171783447265625,1.3496733903884888,-0.024501572508232622,1.2473360386034396,0.61037440561036,0,1.0
2025-09-08 06:00:00+00:00,1.1730204820632935,1.351862907409668,-0.024797391650390854,1.2370958239241425,0.6115736947874054,0,1.0
2025-09-08 07:00:00+00:00,1.1735711097717285,1.351698398590088,-0.02452259335759638,1.2452904005537326,0.6124660734992617,0,1.0
2025-09-08 08:00:00+00:00,1.173433542251587,1.3511687517166138,-0.0239322371715239,1.2632935447346154,0.6109125968617187,0,1.0
2025-09-08 09:00:00+00:00,1.1727453470230103,1.3509496450424194,-0.024338756768382375,1.2478967121369546,0.610643128284718,0,1.0
2025-09-08 10:00:00+00:00,1.1730204820632935,1.353234887123108,-0.025355812586039833,1.2125295545085009,0.6113689372776095,0,1.0
2025-09-08 11:00:00+00:00,1.1732958555221558,1.3532166481018066,-0.02536283166221004,1.209835205689684,0.6121953848531752,0,1.0
2025-09-08 12:00:00+00:00,1.1741223335266113,1.354316234588623,-0.025764562097997323,1.1940690056154726,0.6142021279052896,0,1.0
2025-09-08 13:00:00+00:00,1.175364375114441,1.3544628620147705,-0.026324436995736777,1.1729866562399198,0.6193130150459772,0,1.0
2025-09-08 14:00:00+00:00,1.1749500036239624,1.3535646200180054,-0.02779586091381464,1.1224638231148985,0.6243657134759619,0,1.0
2025-09-08 15:00:00+00:00,1.175364375114441,1.3545180559158325,-0.02965844855678698,1.0597786406570358,0.6302170256850739,0,1.0
2025-09-08 16:00:00+00:00,1.1743981838226318,1.3537296056747437,-0.031404795211001146,1.0012902636054108,0.6344794163056855,0,1.0
2025-09-08 17:00:00+00:00,1.1742602586746216,1.3527954816818237,-0.032036062998842096,0.9792523661597777,0.6376292102688683,0,1.0
2025-09-08 18:00:00+00:00,1.1764705181121826,1.3552706241607666,-0.03336428641171063,0.934553808125113,0.6443500354621373,0,1.0
2025-09-08 19:00:00+00:00,1.1766090393066406,1.3551421165466309,-0.035362998798303624,0.8682386389319139,0.651515233492717,0,1.0
2025-09-08 20:00:00+00:00,1.1766090393066406,1.3546464443206787,-0.03692357330598364,0.816480468720958,0.6574417038535383,0,1.0
2025-09-08 21:00:00+00:00,1.1764705181121826,1.3546464443206787,-0.03908282526439047,0.7454739597778882,0.6641673826687825,0,1.0
2025-09-08 22:00:00+00:00,1.176747441291809,1.3550318479537964,-0.04107372104474322,0.6803679731875351,0.6708729567306186,0,1.0
2025-09-08 23:00:00+00:00,1.177163004875183,1.3552889823913574,-0.0432306230463437,0.6100837913378445,0.6787103771790853,0,1.0
2025-09-09 00:00:00+00:00,1.1775789260864258,1.355913758277893,-0.045785603636240374,0.5272414988116824,0.6872346601080309,0,1.0
2025-09-09 01:00:00+00:00,1.1778563261032104,1.356704831123352,-0.048535302912131095,0.43835822425404924,0.6957064920420414,0,1.0
2025-09-09 02:00:00+00:00,1.177163004875183,1.3564287424087524,-0.05108959438360089,0.35620845736107964,0.7026182256207664,0,1.0
2025-09-09 03:00:00+00:00,1.176747441291809,1.356024146080017,-0.053085040366615766,0.2923736487556299,0.7086990939906627,0,1.0
2025-09-09 04:00:00+00:00,1.1777175664901733,1.357478380203247,-0.055389868425516714,0.2185261125477667,0.7164512466899723,0,1.0
2025-09-09 05:00:00+00:00,1.1782727241516113,1.3580129146575928,-0.05784987733029964,0.13965573353915964,0.7251081928205768,0,1.0
2025-09-09 06:00:00+00:00,1.176885962486267,1.3566864728927612,-0.0603226332078467,0.06040366170164804,0.7316767748529264,0,1.0
2025-09-09 07:00:00+00:00,1.1756407022476196,1.356539249420166,-0.062547653916559,-0.010646260219577904,0.7357621020299219,0,1.0
2025-09-09 08:00:00+00:00,1.1763322353363037,1.3573493957519531,-0.06336419492776385,-0.03595559521450533,0.7389215189242199,0,1.0
2025-09-09 09:00:00+00:00,1.177163004875183,1.358788013458252,-0.06427907187217927,-0.06455568139982007,0.7416551637882206,0,1.0
2025-09-09 10:00:00+00:00,1.1756407022476196,1.357736349105835,-0.06530996059707347,-0.09681752968642642,0.742672427886336,0,1.0
2025-09-09 11:00:00+00:00,1.1745359897613525,1.3558770418167114,-0.06546170615719224,-0.10046999776228709,0.7434257921197819,0,1.0
2025-09-09 12:00:00+00:00,1.1741223335266113,1.3554911613464355,-0.06568317302636656,-0.10640905272051922,0.7436915232883158,0,1.0
2025-09-09 13:00:00+00:00,1.1745359897613525,1.3554176092147827,-0.06541018843162055,-0.09639238945819342,0.7440848680449657,0,1.0
2025-09-09 14:00:00+00:00,1.1735711097717285,1.353931188583374,-0.0659783367622177,-0.11363103350878541,0.7459420904365913,0,1.0
2025-09-09 15:00:00+00:00,1.1726078987121582,1.353271484375,-0.06666741116086017,-0.13478380829540315,0.746707431355557,0,1.0
2025-09-09 16:00:00+00:00,1.172195553779602,1.3535096645355225,-0.06711154821122203,-0.14791897365789725,0.7465786445028503,0,1.0
2025-09-09 17:00:00+00:00,1.1712344884872437,1.352630853652954,-0.06704875802093097,-0.1445931912976538,0.745260614315184,0,1.0
2025-09-09 18:00:00+00:00,1.1709601879119873,1.3523015975952148,-0.06675869887285632,-0.13382744958842155,0.7441246215852783,0,1.0
2025-09-09 19:00:00+00:00,1.1710972785949707,1.3519359827041626,-0.06636017996633764,-0.11948577973497902,0.743858525662616,0,1.0
2025-09-09 20:00:00+00:00,1.1712344884872437,1.352685809135437,-0.06622956452783382,-0.11407363709764715,0.7424486514970173,0,1.0
2025-09-09 21:00:00+00:00,1.1719207763671875,1.3524844646453857,-0.06522863387250194,-0.08035350313182386,0.7414397549559237,0,1.0
2025-09-09 22:00:00+00:00,1.1716461181640625,1.3530884981155396,-0.06540251766316055,-0.08507627031384384,0.7401448360246558,0,1.0
2025-09-09 23:00:00+00:00,1.170548915863037,1.3521188497543335,-0.06573566672745515,-0.09474022363718525,0.7399023209924274,0,1.0
2025-09-10 00:00:00+00:00,1.1701380014419556,1.3522284030914307,-0.06596995586513454,-0.10109723033980757,0.7393165333167138,0,1.0
2025-09-10 01:00:00+00:00,1.1702749729156494,1.3522833585739136,-0.06584723882093982,-0.0957321317470397,0.7391981952506324,0,1.0
2025-09-10 02:00:00+00:00,1.1710972785949707,1.3531250953674316,-0.06548734677952919,-0.08265833567585361,0.7388098116716677,0,1.0
2025-09-10 03:00:00+00:00,1.1712344884872437,1.353417992591858,-0.0654146240771622,-0.07888275441670879,0.7384282561850366,0,1.0
2025-09-10 04:00:00+00:00,1.1719207763671875,1.354169487953186,-0.0651783838374678,-0.06970913178963233,0.738229161390355,0,1.0
2025-09-10 05:00:00+00:00,1.1712344884872437,1.3535462617874146,-0.06531433523516297,-0.07268088225633083,0.7378658056811013,0,1.0
2025-09-10 06:00:00+00:00,1.1695905923843384,1.3521736860275269,-0.06568043679508351,-0.0831604683399558,0.7369052129185301,0,1.0
2025-09-10 07:00:00+00:00,1.1706860065460205,1.3533997535705566,-0.0650403085556148,-0.060913286408932815,0.7356763943983556,0,1.0
2025-09-10 08:00:00+00:00,1.1704120635986328,1.3527772426605225,-0.06470233415502119,-0.04859324059695168,0.7349034797265,0,1.0
2025-09-10 09:00:00+00:00,1.1716461181640625,1.3542977571487427,-0.06424079104977079,-0.03231410561426972,0.7341342769282346,0,1.0
2025-09-10 10:00:00+00:00,1.1704120635986328,1.3539495468139648,-0.06460217238935104,-0.0428421666057062,0.7324721810943444,0,1.0
2025-09-10 11:00:00+00:00,1.170823097229004,1.3534730672836304,-0.06372022835866592,-0.012704682687683311,0.7315702108168484,0,1.0
2025-09-10 12:00:00+00:00,1.170548915863037,1.353179931640625,-0.0635213650608743,-0.004911419377482718,0.7306622872123273,0,1.0
2025-09-10 13:00:00+00:00,1.172333002090454,1.3555278778076172,-0.0629137675844082,0.0162349853686307,0.7295073878658079,0,1.0
2025-09-10 14:00:00+00:00,1.1730204820632935,1.3551052808761597,-0.06196486318228073,0.04853847968599703,0.72906250534126,0,1.0
2025-09-10 15:00:00+00:00,1.171783447265625,1.3546831607818604,-0.06231221635421655,0.03850792250396632,0.7274792185903336,0,1.0
2025-09-10 16:00:00+00:00,1.1709601879119873,1.3536195755004883,-0.06185314238423853,0.05484962131981359,0.7255289402104346,0,1.0
2025-09-10 17:00:00+00:00,1.1709601879119873,1.3535096645355225,-0.06107335050092477,0.08152134496050997,0.7231474542221572,0,1.0
2025-09-10 18:00:00+00:00,1.170823097229004,1.3536012172698975,-0.060192722635124735,0.1112480142945169,0.7196906132977977,0,1.0
2025-09-10 19:00:00+00:00,1.1704120635986328,1.3531250953674316,-0.05942690782823007,0.13708958892613954,0.7168344609696824,0,1.0
2025-09-10 20:00:00+00:00,1.1695905923843384,1.3529419898986816,-0.059140555825225344,0.1470752716716981,0.7138853736042302,0,1.0
2025-09-10 21:00:00+00:00,1.1704120635986328,1.3528321981430054,-0.05724642116961562,0.20928444018093859,0.7101326017432744,0,1.0
2025-09-10 22:00:00+00:00,1.1706860065460205,1.3538211584091187,-0.05583102636583259,0.2553032962545362,0.7045197620935956,0,1.0
2025-09-10 23:00:00+00:00,1.1706860065460205,1.3534914255142212,-0.053959933098381596,0.31584681721103114,0.6989051214718628,0,1.0
2025-09-11 00:00:00+00:00,1.1697274446487427,1.3528321981430054,-0.05207027623824481,0.37649188431386965,0.6910682457659075,0,1.0
2025-09-11 01:00:00+00:00,1.1700011491775513,1.353033423423767,-0.049818901004105326,0.4484283275582409,0.6840558308154755,0,1.0
2025-09-11 02:00:00+00:00,1.1700011491775513,1.3526674509048462,-0.04775336700739918,0.5136636636225128,0.6778306830349743,0,1.0
2025-09-11 03:00:00+00:00,1.1700011491775513,1.3528138399124146,-0.04630464121735259,0.5583827916895037,0.6727938032459351,0,1.0
2025-09-11 04:00:00+00:00,1.1702749729156494,1.3527406454086304,-0.04472609313150844,0.6067409711620776,0.6684641301671066,0,1.0
2025-09-11 05:00:00+00:00,1.1693171262741089,1.3516618013381958,-0.04411511243615651,0.6234065888383171,0.6654891453071067,0,1.0
2025-09-11 06:00:00+00:00,1.1693171262741089,1.3516253232955933,-0.044055932359914035,0.6221232320878594,0.6653523419794913,0,1.0
2025-09-11 07:00:00+00:00,1.1695905923843384,1.3515704870224,-0.04393857329481124,0.6226976729243222,0.6658285839715279,0,1.0
2025-09-11 08:00:00+00:00,1.1695905923843384,1.351515769958496,-0.043990044073004386,0.6177388641991919,0.6660889418860407,0,1.0
2025-09-11 09:00:00+00:00,1.1689070463180542,1.350311279296875,-0.04410243942782954,0.6108624964511065,0.6664941076083597,0,1.0
2025-09-11 10:00:00+00:00,1.168770432472229,1.3515704870224,-0.04484523950597477,0.5836763601857252,0.6665096519637885,0,1.0
2025-09-11 11:00:00+00:00,1.1686338186264038,1.3508403301239014,-0.04461083254001269,0.588344554039158,0.6665391278750098,0,1.0
2025-09-11 12:00:00+00:00,1.1716461181640625,1.3543345928192139,-0.043770877920270346,0.6126731188017681,0.666580080908389,0,1.0
2025-09-11 13:00:00+00:00,1.1742602586746216,1.3553624153137207,-0.04272779912683991,0.6435374484545644,0.6688161539976405,0,1.0
2025-09-11 14:00:00+00:00,1.1731581687927246,1.355766773223877,-0.044120295896849904,0.5956429103127793,0.6696507116370533,0,1.0
2025-09-11 15:00:00+00:00,1.1735711097717285,1.3566312789916992,-0.04443218089028783,0.582989172359069,0.6704275743163836,0,1.0
2025-09-11 16:00:00+00:00,1.1739845275878906,1.3577731847763062,-0.045046341646957616,0.5607092227079298,0.6717429294264433,0,1.0
2025-09-11 17:00:00+00:00,1.1735711097717285,1.3571652173995972,-0.04533839050802077,0.5489005026976271,0.6725310478827857,0,1.0
2025-09-11 18:00:00+00:00,1.1739845275878906,1.3580313920974731,-0.04548552006017759,0.541919323702255,0.6727606046611261,0,1.0
2025-09-11 19:00:00+00:00,1.1739845275878906,1.3578838109970093,-0.04550861128477876,0.5390509276491757,0.6730750778608084,0,1.0
2025-09-11 20:00:00+00:00,1.17384672164917,1.3573493957519531,-0.04553658603696137,0.5361115613844766,0.6736495987123662,0,1.0
2025-09-11 21:00:00+00:00,1.1741223335266113,1.357367753982544,-0.045384494187769325,0.5390583176945893,0.6738903576504106,0,1.0
2025-09-11 22:00:00+00:00,1.1742602586746216,1.35792076587677,-0.04554865333472019,0.5317942295527358,0.6739136487302795,0,1.0
2025-09-11 23:00:00+00:00,1.1737089157104492,1.3576257228851318,-0.04581025019539073,0.5214759929145243,0.6737121811259951,0,1.0
2025-09-12 00:00:00+00:00,1.1737089157104492,1.3573309183120728,-0.04592846642242143,0.5159469257932199,0.6745780053547195,0,1.0
2025-09-12 01:00:00+00:00,1.1730204820632935,1.355766773223877,-0.0459596147393993,0.513254507006142,0.6753081803477914,0,1.0
2025-09-12 02:00:00+00:00,1.1730204820632935,1.355913758277893,-0.04601076221302955,0.5100562344409472,0.6752357216823021,0,1.0
2025-09-12 03:00:00+00:00,1.1728830337524414,1.3556381464004517,-0.04602939657200117,0.5079495916987949,0.6753629747175638,0,1.0
2025-09-12 04:00:00+00:00,1.1728830337524414,1.3556381464004517,-0.04612919769275456,0.50319126526131,0.6756909740809018,0,1.0
2025-09-12 05:00:00+00:00,1.173433542251587,1.3559322357177734,-0.04603523359094644,0.5046689265770091,0.676442140907589,0,1.0
2025-09-12 06:00:00+00:00,1.1742602586746216,1.3557300567626953,-0.04565692128184107,0.5153357332211457,0.677844641219241,0,1.0
2025-09-12 07:00:00+00:00,1.1743981838226318,1.3564103841781616,-0.04626243927158008,0.49438416202491375,0.6791007025665067,0,1.0
2025-09-12 08:00:00+00:00,1.172195553779602,1.3534363508224487,-0.04680528172209633,0.4755514508595383,0.6796166734460156,0,1.0
2025-09-12 09:00:00+00:00,1.1726078987121582,1.3546831607818604,-0.04717593754322999,0.46221580158099096,0.6799348183598264,0,1.0
2025-09-12 10:00:00+00:00,1.17384672164917,1.355711579322815,-0.04688773572169655,0.46979149748203597,0.6807619780154062,0,1.0
2025-09-12 11:00:00+00:00,1.1724703311920166,1.354976773262024,-0.04771171602923105,0.44152825733265744,0.6808272334238605,0,1.0
2025-09-12 12:00:00+00:00,1.1716461181640625,1.3544446229934692,-0.04805267973671115,0.42853256025368913,0.6805147135335017,0,1.0
2025-09-12 13:00:00+00:00,1.171783447265625,1.3546648025512695,-0.04795049734372475,0.42952975679851585,0.6801997947440024,0,1.0
2025-09-12 14:00:00+00:00,1.1728830337524414,1.356042504310608,-0.04763511581745156,0.43712918924317257,0.6799737389614494,0,1.0
2025-09-12 15:00:00+00:00,1.171783447265625,1.3545180559158325,-0.047619870499767736,0.4348344037188802,0.6793530570630244,0,1.0
2025-09-12 16:00:00+00:00,1.1730204820632935,1.3559505939483643,-0.047194260601551186,0.44548077452225743,0.6790621393847681,0,1.0
2025-09-12 17:00:00+00:00,1.1735711097717285,1.3560792207717896,-0.04675551351329249,0.4563829618223924,0.6789509745516153,0,1.0
2025-09-12 18:00:00+00:00,1.1745359897613525,1.3570178747177124,-0.046544413441354626,0.4597468032282644,0.6794126385129962,0,1.0
2025-09-12 19:00:00+00:00,1.1739845275878906,1.3562264442443848,-0.04667038629187095,0.45226082943886003,0.6795856102343566,0,1.0
2025-09-12 20:00:00+00:00,1.1735711097717285,1.3562448024749756,-0.0468830254422547,0.44194277348397826,0.679097387326516,0,1.0
2025-09-12 21:00:00+00:00,1.1731581687927246,1.3565759658813477,-0.0471173874083029,0.43087079741648254,0.6781682066709488,0,1.0
2025-09-14 23:00:00+00:00,1.1728830337524414,1.3553073406219482,-0.04653868034470601,0.44573479141369926,0.6775802273394427,0,1.0
2025-09-15 00:00:00+00:00,1.1730204820632935,1.3556381464004517,-0.04644704755015275,0.44499555177475947,0.6771207178076581,0,1.0
2025-09-15 01:00:00+00:00,1.1731581687927246,1.3560609817504883,-0.04628025532932539,0.4465584346613039,0.6762651641616746,0,1.0
2025-09-15 02:00:00+00:00,1.1731581687927246,1.3560056686401367,-0.045964254624157125,0.4528577206097059,0.6753181213994457,0,1.0
2025-09-15 03:00:00+00:00,1.173433542251587,1.3565576076507568,-0.04558270155066793,0.4610962517317554,0.6739353614183222,0,1.0
2025-09-15 04:00:00+00:00,1.1737089157104492,1.356704831123352,-0.045178520800103095,0.46998773362239804,0.6731398708819203,0,1.0
2025-09-15 05:00:00+00:00,1.1731581687927246,1.356208086013794,-0.04525211821945052,0.4634444352413796,0.6726500660575612,0,1.0
2025-09-15 06:00:00+00:00,1.1728830337524414,1.3564287424087524,-0.045363073502928924,0.45549912097815787,0.6718856731260597,0,1.0
2025-09-15 07:00:00+00:00,1.1737089157104492,1.3582895994186401,-0.04518137272369155,0.45678346604371994,0.6705829883844404,0,1.0
2025-09-15 08:00:00+00:00,1.1739845275878906,1.3581420183181763,-0.044597831686146644,0.47072261247218805,0.6696817562062765,0,1.0
2025-09-15 09:00:00+00:00,1.1750881671905518,1.359342098236084,-0.044093176134437806,0.4819025106080099,0.6691719884985361,0,1.0
2025-09-15 10:00:00+00:00,1.1756407022476196,1.3608219623565674,-0.044070950392710806,0.477393897622243,0.6682623977700585,0,1.0
2025-09-15 11:00:00+00:00,1.1764705181121826,1.361655831336975,-0.04357485659030216,0.48799395291910697,0.667614956067531,0,1.0
2025-09-15 12:00:00+00:00,1.1773016452789307,1.361488938331604,-0.042973320523016806,0.5018975369593293,0.6682193547888161,0,1.0
2025-09-15 13:00:00+00:00,1.1763322353363037,1.3597302436828613,-0.04310403994693954,0.4920644975475337,0.668774828583001,0,1.0
2025-09-15 14:00:00+00:00,1.1761938333511353,1.3590649366378784,-0.04318726127280509,0.4836566204084772,0.6697294212159972,0,1.0
2025-09-15 15:00:00+00:00,1.1774401664733887,1.3606553077697754,-0.04332689781103294,0.47332357501682015,0.6710784385565353,0,1.0
2025-09-15 16:00:00+00:00,1.1761938333511353,1.3599151372909546,-0.04412238177142394,0.44146001414655306,0.6714088170671829,0,1.0
2025-09-15 17:00:00+00:00,1.1774401664733887,1.360951542854309,-0.04391519559496304,0.44229490331038324,0.67251332701983,0,1.0
2025-09-15 18:00:00+00:00,1.1773016452789307,1.3605812788009644,-0.044177183206453224,0.4276140317915073,0.6735763750612574,0,1.0
2025-09-15 19:00:00+00:00,1.176885962486267,1.360970139503479,-0.04481782973659798,0.40027264170423754,0.6738846814562112,0,1.0
2025-09-15 20:00:00+00:00,1.1764705181121826,1.3598780632019043,-0.04471938860882069,0.39734099488870817,0.6741756828096412,0,1.0
2025-09-15 21:00:00+00:00,1.176885962486267,1.3603407144546509,-0.044737261629879344,0.39042279712072303,0.6746358595742015,0,1.0
2025-09-15 22:00:00+00:00,1.1766090393066406,1.360451579093933,-0.04497944547587493,0.37581529041452333,0.6744795181563049,0,1.0
2025-09-15 23:00:00+00:00,1.1766090393066406,1.3601741790771484,-0.044964343911702565,0.3697459308315185,0.6748775536090936,0,1.0
2025-09-16 00:00:00+00:00,1.1764705181121826,1.3602110147476196,-0.04515803868519144,0.3564073827300214,0.6750650526534885,0,1.0
2025-09-16 01:00:00+00:00,1.177024483680725,1.3603591918945312,-0.04499432481886323,0.35525810089756443,0.6758238228296469,0,1.0
2025-09-16 02:00:00+00:00,1.177994966506958,1.3612480163574219,-0.045104191233450414,0.34448311288406075,0.6774211759673001,0,1.0
2025-09-16 03:00:00+00:00,1.1784114837646484,1.3617855310440063,-0.045592353835474914,0.32011987786752205,0.6792807869437617,0,1.0
2025-09-16 04:00:00+00:00,1.1781338453292847,1.3616186380386353,-0.04632637551435784,0.2864656314487249,0.6811651169306987,0,1.0
2025-09-16 05:00:00+00:00,1.1782727241516113,1.3620638847351074,-0.046992766160988575,0.25454895002261746,0.6829824591271024,0,1.0
2025-09-16 06:00:00+00:00,1.1791062355041504,1.3630849123001099,-0.04741674389154274,0.23086395641128915,0.6849819543879289,0,1.0
2025-09-16 07:00:00+00:00,1.1798018217086792,1.3628805875778198,-0.047629122325248296,0.21450062796076522,0.6879044841539664,0,1.0
2025-09-16 08:00:00+00:00,1.1798018217086792,1.3627134561538696,-0.04843072377353788,0.17525867152691466,0.6907672573676862,0,1.0
2025-09-16 09:00:00+00:00,1.1817537546157837,1.3642750978469849,-0.04892148642892952,0.14683097343689938,0.6951220571733011,0,1.0
2025-09-16 10:00:00+00:00,1.1811953783035278,1.3626762628555298,-0.04989593653764074,0.09835181005087411,0.6993778335336711,0,1.0
2025-09-16 11:00:00+00:00,1.1817537546157837,1.364349603652954,-0.05151969356981875,0.021897715110973128,0.7033628966609037,0,1.0
2025-09-16 12:00:00+00:00,1.1807769536972046,1.3641448020935059,-0.05309429175837263,-0.05587866531406884,0.7061107245505419,0,1.0
2025-09-16 13:00:00+00:00,1.182732105255127,1.3658030033111572,-0.053594141223063274,-0.09215963461220758,0.7102696005452594,0,1.0
2025-09-16 14:00:00+00:00,1.1855363845825195,1.365728497505188,-0.05358280525421277,-0.1085423958775209,0.717955564788376,0,1.0
2025-09-16 15:00:00+00:00,1.1851149797439575,1.3653554916381836,-0.05590981858517044,-0.23076187429637726,0.7249160841683061,0,1.0
2025-09-16 16:00:00+00:00,1.1868027448654175,1.3658030033111572,-0.0573877689346205,-0.32235679048876936,0.733460033321163,0,1.0
2025-09-16 17:00:00+00:00,1.1869436502456665,1.3658963441848755,-0.05991239939525414,-0.4717281777807068,0.7417766974483907,0,1.0
2025-09-16 18:00:00+00:00,1.1870845556259155,1.3660643100738525,-0.062436467766720904,-0.634141757767111,0.7499565171263592,0,1.0
2025-09-16 19:00:00+00:00,1.1862396001815796,1.3651318550109863,-0.06479556602700656,-0.8035124748391723,0.7568934847702579,0,1.0
2025-09-16 20:00:00+00:00,1.1870845556259155,1.364628791809082,-0.06624009733387798,-0.9418185773671444,0.7647277919519908,0,1.0
2025-09-16 21:00:00+00:00,1.186521053314209,1.3652063608169556,-0.06943567701151485,-1.1831688587725933,0.7724281859543837,0,1.0
2025-09-16 22:00:00+00:00,1.1868027448654175,1.3649641275405884,-0.07125782771108494,-1.3621190324454957,0.7794882959054908,0,1.0
2025-09-16 23:00:00+00:00,1.1873664855957031,1.3652995824813843,-0.07331307654451089,-1.5657615985821836,0.7869988800351679,1,1.0
2025-09-17 00:00:00+00:00,1.1862396001815796,1.3645542860031128,-0.07613005887454358,-1.821802814772234,0.7943894565704718,1,1.0
2025-09-17 01:00:00+00:00,1.1859582662582397,1.364386796951294,-0.07890164806083083,-2.0741872995838415,0.8028602157509297,1,1.0
2025-09-17 02:00:00+00:00,1.1859582662582397,1.3644241094589233,-0.08147616029144689,-2.3060713977393568,0.8110748596160455,1,1.0
2025-09-17 03:00:00+00:00,1.1855363845825195,1.364349603652954,-0.08417681739554342,-2.5383772577368124,0.8187649930236673,1,1.0
2025-09-17 04:00:00+00:00,1.1858175992965698,1.364256501197815,-0.08665725149263251,-2.7396953776623025,0.8276941588753997,1,1.0
2025-09-17 05:00:00+00:00,1.1860989332199097,1.3648523092269897,-0.08950340995306291,-2.949756303895738,0.8364452103348022,1,1.0
2025-09-17 06:00:00+00:00,1.1859582662582397,1.3640331029891968,-0.09144894180624036,-3.0835464211331725,0.8439477336378993,1,1.0
2025-09-17 07:00:00+00:00,1.184413194656372,1.3635309934616089,-0.0946443429164992,-3.2818589237366345,0.8510506874302527,1,1.0
2025-09-17 08:00:00+00:00,1.1852554082870483,1.3640704154968262,-0.09644885548747795,-3.3666514797507254,0.8580681244367336,1,1.0
2025-09-17 09:00:00+00:00,1.1848341226577759,1.3648523092269897,-0.09919018012174749,-3.497211475137539,0.8641576168847891,1,1.0
2025-09-17 10:00:00+00:00,1.1839923858642578,1.3643680810928345,-0.10111732252423239,-3.558183672722031,0.8690599351318622,1,1.0
2025-09-17 11:00:00+00:00,1.1842728853225708,1.3647406101226807,-0.10275419802697372,-3.5876725821735227,0.8743225967164915,1,1.0
2025-09-17 12:00:00+00:00,1.1846938133239746,1.365392804145813,-0.10457627067836633,-3.618526522050447,0.8799728018658342,1,1.0
2025-09-17 13:00:00+00:00,1.1853959560394287,1.3663442134857178,-0.10645669234609151,-3.643000045058484,0.8859315976998359,1,1.0
2025-09-17 14:00:00+00:00,1.1853959560394287,1.3659522533416748,-0.10838250756235568,-3.660207745971488,0.8929220876279216,1,1.0
2025-09-17 15:00:00+00:00,1.1848341226577759,1.365877628326416,-0.11099559941639878,-3.7077514771329136,0.899938830289567,1,1.0
2025-09-17 16:00:00+00:00,1.1856770515441895,1.3665496110916138,-0.11318033637081534,-3.720932436082555,0.9077946108051717,1,1.0
2025-09-17 17:00:00+00:00,1.1855363845825195,1.3667737245559692,-0.11590276507779704,-3.7560513908555095,0.9156515280358447,1,1.0
2025-09-17 18:00:00+00:00,1.1838523149490356,1.3641074895858765,-0.11799428604812526,-3.749909932106095,0.9235676242451807,1,1.0
2025-09-17 19:00:00+00:00,1.182732105255127,1.3636611700057983,-0.1212576065957876,-3.798763154879828,0.9320108483962316,1,1.0
2025-09-17 20:00:00+00:00,1.1816140413284302,1.3627877235412598,-0.12356112692758608,-3.7916139124550527,0.9383265332318715,1,1.0
2025-09-17 21:00:00+00:00,1.1821727752685547,1.3626576662063599,-0.1259597077028204,-3.7860767829917807,0.94789513429413,1,1.0
2025-09-17 22:00:00+00:00,1.1823126077651978,1.3628805875778198,-0.12784591576946575,-3.754332108773674,0.9538687317124773,1,1.0
2025-09-17 23:00:00+00:00,1.1828720569610596,1.3630106449127197,-0.12946254882879188,-3.71094931105087,0.9603224211847721,1,1.0
2025-09-18 00:00:00+00:00,1.1828720569610596,1.3627134561538696,-0.1309780720611527,-3.6648286173310747,0.9658961093048615,1,1.0
2025-09-18 01:00:00+00:00,1.1817537546157837,1.361767053604126,-0.13291848350281074,-3.638881975542476,0.9712901793796752,1,1.0
2025-09-18 02:00:00+00:00,1.1823126077651978,1.3627877235412598,-0.13411893091745875,-3.5822102921354815,0.9743448180803467,1,1.0
2025-09-18 03:00:00+00:00,1.1816140413284302,1.362119436264038,-0.13543744102543204,-3.533591162835497,0.9782452822996472,1,1.0
2025-09-18 04:00:00+00:00,1.179940938949585,1.360710859298706,-0.13689130993151277,-3.492860777934728,0.9816512164435498,1,1.0
2025-09-18 05:00:00+00:00,1.1793843507766724,1.35963773727417,-0.13754174990226964,-3.4228873344440887,0.9847535804408563,1,1.0
2025-09-18 06:00:00+00:00,1.1798018217086792,1.3595083951950073,-0.13805406489996774,-3.3521547304388446,0.9878790687504518,1,1.0
2025-09-18 07:00:00+00:00,1.1835720539093018,1.3633079528808594,-0.138788643810867,-3.294033825000169,0.9916480371277597,1,1.0
2025-09-18 08:00:00+00:00,1.1831519603729248,1.3640331029891968,-0.14062643703115285,-3.279389120602479,0.9947257754711729,1,1.0
2025-09-18 09:00:00+00:00,1.1842728853225708,1.3647032976150513,-0.14129618837491043,-3.222702745389961,0.9983537989716703,1,1.0
2025-09-18 10:00:00+00:00,1.1839923858642578,1.364945411682129,-0.14258862616779416,-3.1909238973286462,1.0011773653440939,1,1.0
2025-09-18 11:00:00+00:00,1.1830118894577026,1.3622678518295288,-0.14264315392617025,-3.1176966495137024,1.0050329477561386,1,1.0
2025-09-18 12:00:00+00:00,1.179940938949585,1.3595454692840576,-0.14415766430403038,-3.0981001863875917,1.00804693539241,1,1.0
2025-09-18 13:00:00+00:00,1.177024483680725,1.3551788330078125,-0.14403081048464902,-3.0242406992462842,1.010156877627043,1,1.0
2025-09-18 14:00:00+00:00,1.1778563261032104,1.3553073406219482,-0.14391464571792772,-2.954934215770439,1.011783480685379,1,1.0
2025-09-18 15:00:00+00:00,1.1782727241516113,1.354719877243042,-0.14377059099852074,-2.888608205637285,1.0139181075651043,1,1.0
2025-09-18 16:00:00+00:00,1.1791062355041504,1.3553440570831299,-0.14431328672978047,-2.847636247484301,1.0164926290354641,1,1.0
2025-09-18 17:00:00+00:00,1.1791062355041504,1.3555830717086792,-0.14544652790784948,-2.827022752031683,1.0196283930469465,1,1.0
2025-09-18 18:00:00+00:00,1.1791062355041504,1.3553624153137207,-0.14621013387497442,-2.795555503924,1.0226855638437977,1,1.0
2025-09-18 19:00:00+00:00,1.1786893606185913,1.3550136089324951,-0.14736172361391303,-2.7771779061894675,1.026178521019667,1,1.0
2025-09-18 20:00:00+00:00,1.1789672374725342,1.355380892753601,-0.14799785822187347,-2.743686067851904,1.0281310961024863,1,1.0
2025-09-18 21:00:00+00:00,1.1791062355041504,1.3555278778076172,-0.14906418215353603,-2.7243388882814323,1.0316575812645272,1,1.0
2025-09-18 22:00:00+00:00,1.1789672374725342,1.3552522659301758,-0.14898801735367842,-2.6720111771617177,1.0317093152656385,1,1.0
2025-09-18 23:00:00+00:00,1.1792453527450562,1.3555278778076172,-0.14888451763094962,-2.621214183857533,1.0314547936771739,1,1.0
2025-09-19 00:00:00+00:00,1.1789672374725342,1.3549033403396606,-0.14857422524042777,-2.5668110989592536,1.0312216051508287,1,1.0
2025-09-19 01:00:00+00:00,1.177994966506958,1.3540045022964478,-0.14876336565261417,-2.5288964072817297,1.0313814898792086,1,1.0
2025-09-19 02:00:00+00:00,1.1782727241516113,1.3541511297225952,-0.1484059739946823,-2.4771869691309276,1.0306119174372246,1,1.0
2025-09-19 03:00:00+00:00,1.178550362586975,1.3551788330078125,-0.14910406818311897,-2.4568341968468483,1.0311114824621126,1,1.0
2025-09-19 04:00:00+00:00,1.1777175664901733,1.3544628620147705,-0.1492365358862254,-2.42154991291164,1.0310142309639787,1,1.0
2025-09-19 05:00:00+00:00,1.1775789260864258,1.3544996976852417,-0.14944108038323495,-2.3895626463625823,1.0312079452587992,1,1.0
2025-09-19 06:00:00+00:00,1.177024483680725,1.3508949279785156,-0.14660478691171344,-2.277045339166702,1.029348718495173,1,1.0
2025-09-19 07:00:00+00:00,1.1773016452789307,1.34916353225708,-0.14300101050736197,-2.1483531540848806,1.0225096383860741,1,1.0
2025-09-19 08:00:00+00:00,1.1764705181121826,1.3500195741653442,-0.14318619776593705,-2.124889063249698,1.0186125311121088,1,1.0
2025-09-19 09:00:00+00:00,1.1763322353363037,1.3505300283432007,-0.1426813106900287,-2.0839318722514966,1.0152597275667168,1,1.0
2025-09-19 10:00:00+00:00,1.1764705181121826,1.3498190641403198,-0.14045329344998753,-1.9991117724679273,1.0100063368513008,1,1.0
2025-09-19 11:00:00+00:00,1.1739845275878906,1.3478178977966309,-0.13920358148416076,-1.9423986914080202,1.003752964768705,1,1.0
2025-09-19 12:00:00+00:00,1.1739845275878906,1.3468557596206665,-0.13587309961878588,-1.8332891405193956,0.9949754737468479,1,1.0
2025-09-19 13:00:00+00:00,1.1760554313659668,1.3489633798599243,-0.13347571846198084,-1.7511850982592148,0.9876569371543186,1,1.0
2025-09-19 14:00:00+00:00,1.1760554313659668,1.348235845565796,-0.13007138737193533,-1.6450509318220476,0.9780466788472516,1,1.0
2025-09-19 15:00:00+00:00,1.1756407022476196,1.3483994007110596,-0.12838649001862507,-1.5854821621091522,0.9708331889056164,1,1.0
2025-09-19 16:00:00+00:00,1.1756407022476196,1.3483449220657349,-0.12589993956505213,-1.506485749069809,0.9626448083917719,1,1.0
2025-09-19 17:00:00+00:00,1.175364375114441,1.3477270603179932,-0.12308542986270155,-1.4205092040840772,0.9539042256076217,0,1.0
2025-09-19 18:00:00+00:00,1.1752262115478516,1.3470009565353394,-0.1194146734148506,-1.3139478823118815,0.9429124146650504,0,1.0
2025-09-19 19:00:00+00:00,1.1750881671905518,1.3472368717193604,-0.11670424314701314,-1.233451060637017,0.93287057683301,0,1.0
2025-09-19 20:00:00+00:00,1.1746740341186523,1.347400188446045,-0.11416979339634603,-1.1584134102310875,0.9228093763927676,0,1.0
2025-09-19 21:00:00+00:00,1.1745359897613525,1.347400188446045,-0.11147601403842392,-1.080076154277118,0.913381070717288,0,1.0
2025-09-21 23:00:00+00:00,1.1739845275878906,1.3464205265045166,-0.10813613669422786,-0.9858535515720785,0.902807300580482,0,1.0
2025-09-22 00:00:00+00:00,1.17384672164917,1.346728801727295,-0.10550936345362202,-0.91060788552463,0.8928944412712391,0,1.0
2025-09-22 01:00:00+00:00,1.1735711097717285,1.3466744422912598,-0.1031436552727692,-0.8425070772839688,0.8842783156188891,0,1.0
2025-09-22 02:00:00+00:00,1.1731581687927246,1.3460036516189575,-0.10062943174868175,-0.770882122428872,0.8761152403157914,0,1.0
2025-09-22 03:00:00+00:00,1.1735711097717285,1.346293568611145,-0.09796580676545907,-0.695635249843448,0.867706502013803,0,1.0
2025-09-22 04:00:00+00:00,1.173433542251587,1.3460942506790161,-0.0953125188175232,-0.6208827589016649,0.858816936994784,0,1.0
2025-09-22 05:00:00+00:00,1.1741223335266113,1.347218632698059,-0.09343299474748198,-0.5663642422413272,0.8520736903259624,0,1.0
2025-09-22 06:00:00+00:00,1.1746740341186523,1.3475455045700073,-0.09110569411249103,-0.5003366224614968,0.8451533282538712,0,1.0
2025-09-22 07:00:00+00:00,1.1752262115478516,1.3478904962539673,-0.08876037424456043,-0.43400936118978745,0.8381468957226875,0,1.0
2025-09-22 08:00:00+00:00,1.1766090393066406,1.3496187925338745,-0.08698200730593195,-0.38253198267881783,0.8325555369497545,0,1.0
2025-09-22 09:00:00+00:00,1.177994966506958,1.3501836061477661,-0.0842489509369436,-0.30607922616842165,0.8262132881385448,0,1.0
2025-09-22 10:00:00+00:00,1.1777175664901733,1.3499830961227417,-0.08248833760800914,-0.2550319290160843,0.8199704726850308,0,1.0
2025-09-22 11:00:00+00:00,1.1781338453292847,1.349800944328308,-0.07990738472358613,-0.18232719063299752,0.8129131050732353,0,1.0
2025-09-22 12:00:00+00:00,1.1786893606185913,1.3509496450424194,-0.07848279085590817,-0.13995249363812115,0.8074455252221744,0,1.0
2025-09-22 13:00:00+00:00,1.177994966506958,1.350712537765503,-0.0774702517639341,-0.10831367106516351,0.8025887338335239,0,1.0
2025-09-22 14:00:00+00:00,1.1773016452789307,1.3495640754699707,-0.07545187530331277,-0.049885722451182314,0.796169369425194,0,1.0
2025-09-22 15:00:00+00:00,1.1775789260864258,1.3502748012542725,-0.07382069453052206,-0.001562265845931914,0.7901260253008711,0,1.0
2025-09-22 16:00:00+00:00,1.1791062355041504,1.350858449935913,-0.07093438957976328,0.08042829142433139,0.7837031812040268,0,1.0
2025-09-22 17:00:00+00:00,1.179940938949585,1.3517532348632812,-0.06901009474801825,0.1369498306023733,0.7779448580164395,0,1.0
2025-09-22 18:00:00+00:00,1.1800801753997803,1.3517714738845825,-0.06725396645005141,0.18928441097366802,0.7724752434332781,0,1.0
2025-09-22 19:00:00+00:00,1.18035888671875,1.351643681526184,-0.06520034685719295,0.24986469343309806,0.766685954585854,0,1.0
2025-09-22 20:00:00+00:00,1.18035888671875,1.3516253232955933,-0.06340573064024083,0.30359406536512956,0.7607644257281652,0,1.0
2025-09-22 21:00:00+00:00,1.1802195310592651,1.3513513803482056,-0.061632312219007696,0.3569572476301568,0.7549947374219615,0,1.0
2025-09-22 22:00:00+00:00,1.1804981231689453,1.3514792919158936,-0.059784982526226105,0.4125908356008734,0.749407857993264,0,1.0
2025-09-22 23:00:00+00:00,1.18035888671875,1.3514609336853027,-0.058084865913235445,0.4642952101386871,0.7434052887870748,0,1.0
2025-09-23 00:00:00+00:00,1.1810559034347534,1.3520638942718506,-0.05601543798517564,0.5260517986514787,0.737402318186987,0,1.0
2025-09-23 01:00:00+00:00,1.1818934679031372,1.3523565530776978,-0.053681750404331735,0.5951651335639779,0.7314908490713528,0,1.0
2025-09-23 02:00:00+00:00,1.1807769536972046,1.3509680032730103,-0.051720489691655436,0.6540177505957242,0.7243273416326612,0,1.0
2025-09-23 03:00:00+00:00,1.1809163093566895,1.3515704870224,-0.05019194799553672,0.7008423753548693,0.7185733784258479,0,1.0
2025-09-23 04:00:00+00:00,1.1802195310592651,1.3508037328720093,-0.04845862266351897,0.7530064139150278,0.7122023571439661,0,1.0
2025-09-23 05:00:00+00:00,1.1802195310592651,1.3508403301239014,-0.04659136915417583,0.8083997631750424,0.7059290602634168,0,1.0
2025-09-23 06:00:00+00:00,1.179940938949585,1.3517167568206787,-0.04582438589012061,0.8327487671085397,0.7010815478660533,0,1.0
2025-09-23 07:00:00+00:00,1.1795234680175781,1.3520822525024414,-0.04519230840877389,0.8531457476966613,0.6971846294610382,0,1.0
2025-09-23 08:00:00+00:00,1.1804981231689453,1.3503841161727905,-0.04139407981544757,0.9611602292720525,0.6902067338348405,0,1.0
2025-09-23 09:00:00+00:00,1.1804981231689453,1.350511908531189,-0.039475347876863215,1.0158174485555802,0.6836038936553883,0,1.0
2025-09-23 10:00:00+00:00,1.179940938949585,1.3511687517166138,-0.03881547048951936,1.0347368707398297,0.6787383565731389,0,1.0
2025-09-23 11:00:00+00:00,1.1795234680175781,1.3515340089797974,-0.03814608601106903,1.0532661322900183,0.6747325500528958,0,1.0
2025-09-23 12:00:00+00:00,1.1800801753997803,1.35255765914917,-0.037259094683234045,1.0772124820686353,0.671666383173942,0,1.0
2025-09-23 13:00:00+00:00,1.1802195310592651,1.3517714738845825,-0.03550592349860904,1.1244444683848578,0.6675373279386799,0,1.0
2025-09-23 14:00:00+00:00,1.179940938949585,1.3525211811065674,-0.03519681679393147,1.1306019278578043,0.6645062144586437,0,1.0
2025-09-23 15:00:00+00:00,1.1800801753997803,1.3516801595687866,-0.03338802334462346,1.1775308222329957,0.6602670435162125,0,1.0
2025-09-23 16:00:00+00:00,1.1807769536972046,1.3521004915237427,-0.031785093554611954,1.2176161363902016,0.6562295569425275,0,1.0
2025-09-23 17:00:00+00:00,1.1816140413284302,1.351698398590088,-0.029334636570703287,1.279985067966827,0.6510975291856582,0,1.0
2025-09-23 18:00:00+00:00,1.1814744472503662,1.3517348766326904,-0.02798972938607519,1.3105952071010096,0.6461848610616819,0,1.0
2025-09-23 19:00:00+00:00,1.1820330619812012,1.3526124954223633,-0.026734060130757742,1.3377552282517324,0.6422039990685412,0,1.0
2025-09-23 20:00:00+00:00,1.1816140413284302,1.352630853652954,-0.026022531186255388,1.3491546304318769,0.6386456669176387,0,1.0
2025-09-23 21:00:00+00:00,1.1817537546157837,1.3521369695663452,-0.02440459238474202,1.384488004331875,0.6344476765283643,0,1.0
2025-09-23 22:00:00+00:00,1.1817537546157837,1.3525760173797607,-0.023594905151426454,1.3971494451148267,0.6310846752895946,0,1.0
2025-09-23 23:00:00+00:00,1.1818934679031372,1.3524113893508911,-0.022402373939762465,1.4196520567662074,0.62778049619405,0,1.0
2025-09-24 00:00:00+00:00,1.1807769536972046,1.3514792919158936,-0.02177880471462379,1.4262593343427599,0.6240093257694835,0,1.0
2025-09-24 01:00:00+00:00,1.18035888671875,1.3511687517166138,-0.02063547610834507,1.4464963328690925,0.6195103646835025,0,1.0
2025-09-24 02:00:00+00:00,1.1800801753997803,1.3511505126953125,-0.019537797753984176,1.4650016815726574,0.615106180077758,0,1.0
2025-09-24 03:00:00+00:00,1.1800801753997803,1.3507671356201172,-0.017912872547133474,1.4970059007321201,0.6102824312956628,0,1.0
2025-09-24 04:00:00+00:00,1.1806375980377197,1.3509496450424194,-0.015856436223619513,1.5394870542187524,0.6047418803767461,-1,1.0
2025-09-24 05:00:00+00:00,1.1800801753997803,1.3506395816802979,-0.014396248355429575,1.565227837703801,0.5987746388563303,-1,-1.0
2025-09-24 06:00:00+00:00,1.1792453527450562,1.349892020225525,-0.01290759214913953,1.5909502076815725,0.5925590500203548,-1,-1.0
2025-09-24 07:00:00+00:00,1.1792453527450562,1.3485630750656128,-0.009718383229747357,1.6599022719470562,0.5838459658647219,-1,-1.0
2025-09-24 08:00:00+00:00,1.1775789260864258,1.3484721183776855,-0.008972981106131095,1.6642291574448802,0.5767544995276696,-1,-1.0
2025-09-24 09:00:00+00:00,1.177163004875183,1.3478178977966309,-0.006860374352268356,1.7032885130821447,0.5694309453006349,-1,-1.0
2025-09-24 10:00:00+00:00,1.1755025386810303,1.3465837240219116,-0.0059529602168109375,1.710606048623917,0.5633909746865124,-1,-1.0
2025-09-24 11:00:00+00:00,1.175364375114441,1.3458225727081299,-0.0038902059897231167,1.7468586271134368,0.5571225626756485,-1,-1.0
2025-09-24 12:00:00+00:00,1.1746740341186523,1.3446102142333984,-0.0021161182913365384,1.774694745297026,0.5508426679738618,-1,-1.0
2025-09-24 13:00:00+00:00,1.1742602586746216,1.3438512086868286,-3.482596229639756e-05,1.8091718534699976,0.5436606372695287,-1,-1.0
2025-09-24 14:00:00+00:00,1.1746740341186523,1.3451708555221558,0.0016396202166605311,1.832381667148144,0.5374022489140654,-1,-1.0
2025-09-24 15:00:00+00:00,1.1743981838226318,1.344700574874878,0.0033698734639176497,1.8560988794660922,0.5314016690531638,-1,-1.0
2025-09-24 16:00:00+00:00,1.1737089157104492,1.3443571329116821,0.0041702584692873135,1.8563165702771809,0.527171651429266,-1,-1.0
2025-09-24 17:00:00+00:00,1.1741223335266113,1.3453880548477173,0.005171575864305222,1.8612226349935574,0.523621543870619,-1,-1.0
2025-09-24 18:00:00+00:00,1.1739845275878906,1.3449898958206177,0.006082551290557597,1.8636625101561826,0.5206748299151296,-1,-1.0
2025-09-24 19:00:00+00:00,1.1741223335266113,1.3447185754776,0.0074160600436642965,1.8759067250779666,0.5169234958803501,-1,-1.0
2025-09-24 20:00:00+00:00,1.1741223335266113,1.3447729349136353,0.008866814580608534,1.8903156054189896,0.5119554832061481,-1,-1.0
2025-09-24 21:00:00+00:00,1.1743981838226318,1.3447548151016235,0.01029704605252138,1.9036669822220804,0.5079434232799331,-1,-1.0
2025-09-24 22:00:00+00:00,1.1748120784759521,1.3451346158981323,0.011860762664403807,1.9195429510536708,0.503374069976556,-1,-1.0
2025-09-24 23:00:00+00:00,1.1745359897613525,1.344971776008606,0.012557765687056105,1.914709139050678,0.5004348822084489,-1,-1.0
2025-09-25 00:00:00+00:00,1.1750881671905518,1.345750093460083,0.013730775361903036,1.9207327926240216,0.49709256060898976,-1,-1.0
2025-09-25 01:00:00+00:00,1.1748120784759521,1.345442295074463,0.014601390249197932,1.9195698448621383,0.4937497553390402,-1,-1.0
2025-09-25 02:00:00+00:00,1.175364375114441,1.3458588123321533,0.01605655563988051,1.9314950427431343,0.4899185541374152,-1,-1.0
2025-09-25 03:00:00+00:00,1.1756407022476196,1.3462392091751099,0.016750718796849806,1.9258103380409326,0.48790875302505476,-1,-1.0
2025-09-25 04:00:00+00:00,1.1755025386810303,1.346329927444458,0.017183224198326436,1.9143917540932278,0.4859486110433644,-1,-1.0
2025-09-25 05:00:00+00:00,1.1745359897613525,1.3455146551132202,0.017132018529772475,1.8924140897045705,0.4843412753577564,-1,-1.0
2025-09-25 06:00:00+00:00,1.1750881671905518,1.3465837240219116,0.01789438204287866,1.8888900820879972,0.4820660954056787,-1,-1.0
2025-09-25 07:00:00+00:00,1.1737089157104492,1.3438150882720947,0.018397193387903327,1.879716161220527,0.4797478388416348,-1,-1.0
2025-09-25 08:00:00+00:00,1.1745359897613525,1.3453338146209717,0.019225558917980085,1.8778055031428278,0.4775032747488971,-1,-1.0
2025-09-25 09:00:00+00:00,1.1749500036239624,1.3450441360473633,0.0206266365602297,1.888183604413292,0.47431253522776745,-1,-1.0
2025-09-25 10:00:00+00:00,1.1750881671905518,1.3447909355163574,0.021932958570947014,1.8960528854619285,0.470601196714809,-1,-1.0
2025-09-25 11:00:00+00:00,1.1743981838226318,1.3422459363937378,0.023534635809277976,1.909951283615436,0.4661928380704059,-1,-1.0
2025-09-25 12:00:00+00:00,1.1702749729156494,1.3384552001953125,0.021207320269975516,1.8406268160584633,0.4666343105052491,-1,-1.0
2025-09-25 13:00:00+00:00,1.1690436601638794,1.3371665477752686,0.02010243298534109,1.7990483767508263,0.4683608956716932,-1,-1.0
2025-09-25 14:00:00+00:00,1.1679514646530151,1.334810495376587,0.019497407641931558,1.7691609286946484,0.4700794219575738,-1,-1.0
2025-09-25 15:00:00+00:00,1.1676785945892334,1.3348817825317383,0.018531710445918587,1.7327729862781853,0.4725268924660428,-1,-1.0
2025-09-25 16:00:00+00:00,1.1674060821533203,1.3339558839797974,0.01802786273678339,1.7070178008178352,0.4746032770057667,-1,-1.0
2025-09-25 17:00:00+00:00,1.1661807298660278,1.3336000442504883,0.015878972806588176,1.6482475345313108,0.4788596091040976,-1,-1.0
2025-09-25 18:00:00+00:00,1.1655012369155884,1.3334221839904785,0.013858311157663422,1.593626728764885,0.48407838377312146,-1,-1.0
2025-09-25 19:00:00+00:00,1.1664528846740723,1.333742380142212,0.013804465613037109,1.5802798687404405,0.48669583886781254,-1,-1.0
2025-09-25 20:00:00+00:00,1.1669973134994507,1.3343652486801147,0.013496160387667822,1.5619951066737814,0.4885945611515408,-1,-1.0
2025-09-25 21:00:00+00:00,1.1664528846740723,1.3338490724563599,0.012494290445092232,1.5300501850418218,0.49110882504099523,-1,-1.0
2025-09-25 22:00:00+00:00,1.1671334505081177,1.3343652486801147,0.012434556735828384,1.5176386313355121,0.49267925287967307,-1,-1.0
2025-09-25 23:00:00+00:00,1.1665889024734497,1.3336000442504883,0.011873089126013342,1.4953538578897274,0.4939902152748574,0,-1.0
2025-09-26 00:00:00+00:00,1.1674060821533203,1.3345611095428467,0.01190627934833935,1.4852203186854822,0.49506845532989524,0,-1.0
2025-09-26 01:00:00+00:00,1.1671334505081177,1.3341516256332397,0.01156365015591082,1.4677847551187437,0.4959737449610773,0,-1.0
2025-09-26 02:00:00+00:00,1.1680878400802612,1.3350600004196167,0.011500038272698937,1.4562479769877925,0.49785425734147326,0,-1.0
2025-09-26 03:00:00+00:00,1.1680878400802612,1.3354878425598145,0.010686238552995914,1.4302098995474792,0.5001158791635232,0,-1.0
2025-09-26 04:00:00+00:00,1.1682243347167969,1.3354700803756714,0.01014445378349918,1.4097873444854174,0.5024156404868614,0,-1.0
2025-09-26 05:00:00+00:00,1.1680878400802612,1.3353809118270874,0.009286991123862998,1.3834732089757344,0.5050924010931396,0,-1.0
2025-09-26 06:00:00+00:00,1.1683608293533325,1.3364337682724,0.008203863170239079,1.3531114079407158,0.5082603941916275,0,-1.0
2025-09-26 07:00:00+00:00,1.1676785945892334,1.335309624671936,0.007105885275294099,1.3229127709139503,0.511516640757522,0,-1.0
2025-09-26 08:00:00+00:00,1.1683608293533325,1.3365052938461304,0.006304805363350652,1.2989241997378072,0.5147137765218793,0,-1.0
2025-09-26 09:00:00+00:00,1.1682243347167969,1.3352025747299194,0.005918156204315905,1.2833003330495647,0.5173834709081706,0,-1.0
2025-09-26 10:00:00+00:00,1.1665889024734497,1.3347570896148682,0.0035032058183440407,1.228757863215488,0.5214932343037888,0,-1.0
2025-09-26 11:00:00+00:00,1.1671334505081177,1.3350778818130493,0.002847689670105319,1.2088878031777877,0.5249427507672687,0,-1.0
2025-09-26 12:00:00+00:00,1.1684973239898682,1.3375420570373535,0.00215127129791709,1.1884738180766796,0.5280245832687873,0,-1.0
2025-09-26 13:00:00+00:00,1.168770432472229,1.3385268449783325,0.001082799231058168,1.161168665812874,0.5311577867831956,0,-1.0
2025-09-26 14:00:00+00:00,1.1695905923843384,1.3402310609817505,0.00029638044316063206,1.1395921458065987,0.5339308181519845,0,-1.0
2025-09-26 15:00:00+00:00,1.1694538593292236,1.3401591777801514,-0.0004739529062030845,1.118582498085828,0.536260343050164,0,-1.0
2025-09-26 16:00:00+00:00,1.1697274446487427,1.3398540019989014,-0.0007311541452331705,1.1075801999166641,0.5383564748481255,0,-1.0
2025-09-26 17:00:00+00:00,1.1702749729156494,1.3405184745788574,-0.0010529549599455346,1.0954633884036358,0.5401406114602835,0,-1.0
2025-09-26 18:00:00+00:00,1.1706860065460205,1.340985894203186,-0.0013682483620531538,1.083587294677796,0.5417702815972694,0,-1.0
2025-09-26 19:00:00+00:00,1.1709601879119873,1.3408600091934204,-0.0015055118620301844,1.0752075526107976,0.5432100590462103,0,-1.0
2025-09-26 20:00:00+00:00,1.1706860065460205,1.3401232957839966,-0.00179263728327686,1.064112934988776,0.5444106499618683,0,-1.0
2025-09-26 21:00:00+00:00,1.170823097229004,1.3401951789855957,-0.0020987022097568586,1.0527155525603533,0.5457560714448352,0,-1.0
2025-09-28 23:00:00+00:00,1.170823097229004,1.3407881259918213,-0.0025755041861607875,1.0381734947557184,0.54655876064312,0,-1.0
2025-09-29 00:00:00+00:00,1.1724703311920166,1.342426061630249,-0.0020323969218260796,1.0428709223902455,0.5472227346298261,0,-1.0
2025-09-29 01:00:00+00:00,1.1726078987121582,1.3426964282989502,-0.002280583609394815,1.0327015453593544,0.5480891350498943,0,-1.0
2025-09-29 02:00:00+00:00,1.1728830337524414,1.3430390357971191,-0.0024173522833583205,1.0246354532875264,0.5488741950341577,0,-1.0
2025-09-29 03:00:00+00:00,1.1728830337524414,1.3432375192642212,-0.0027210750443340537,1.0134975021114678,0.5496286016406331,0,-1.0
2025-09-29 04:00:00+00:00,1.1730204820632935,1.3438512086868286,-0.0031295940520707777,1.0005242180286116,0.5505579096440096,0,-1.0
2025-09-29 05:00:00+00:00,1.1731581687927246,1.344212532043457,-0.0035646184327177144,0.9872112627917936,0.5519249635285981,0,-1.0
2025-09-29 06:00:00+00:00,1.172333002090454,1.3439234495162964,-0.004515905317237667,0.964455982236287,0.5531644216673614,0,-1.0
2025-09-29 07:00:00+00:00,1.1730204820632935,1.3446824550628662,-0.0046819058709276495,0.9565011140173071,0.5546498706636508,0,-1.0
2025-09-29 08:00:00+00:00,1.1727453470230103,1.3436707258224487,-0.004905096693166272,0.9475909478223242,0.5560245324242032,0,-1.0
2025-09-29 09:00:00+00:00,1.172195553779602,1.3432193994522095,-0.0056900216977121,0.9284095850857109,0.5577285429784137,0,-1.0
2025-09-29 10:00:00+00:00,1.172333002090454,1.342822551727295,-0.005819548210114489,0.9214715064261556,0.5591247979503498,0,-1.0
2025-09-29 11:00:00+00:00,1.1732958555221558,1.3448090553283691,-0.006264193917314587,0.9087710470150328,0.5606069578309578,0,-1.0
2025-09-29 12:00:00+00:00,1.175364375114441,1.3452250957489014,-0.004996118445638326,0.9276099311921885,0.5616858731132485,0,-1.0
2025-09-29 13:00:00+00:00,1.1743981838226318,1.3439595699310303,-0.0054868363293205935,0.9140361751720085,0.5623522728395282,0,-1.0
2025-09-29 14:00:00+00:00,1.173433542251587,1.341849684715271,-0.005616220313197723,0.9072033326693552,0.5630024570702037,0,-1.0
2025-09-29 15:00:00+00:00,1.1732958555221558,1.3432193994522095,-0.006688383781067231,0.8832031729113828,0.5642917110301375,0,-1.0
2025-09-29 16:00:00+00:00,1.1732958555221558,1.3431291580200195,-0.007025694817167416,0.872861296071172,0.5655636447131023,0,-1.0
2025-09-29 17:00:00+00:00,1.1724703311920166,1.3425521850585938,-0.007996248339385448,0.8510901940062613,0.5672940002078813,0,-1.0
2025-09-29 18:00:00+00:00,1.1735711097717285,1.3438512086868286,-0.008063581285928018,0.8459855065064924,0.5688407000002491,0,-1.0
2025-09-29 19:00:00+00:00,1.1730204820632935,1.3436164855957031,-0.008927553772626523,0.826420107050467,0.5705133345030469,0,-1.0
2025-09-29 20:00:00+00:00,1.1730204820632935,1.3430570363998413,-0.00920847967074695,0.8175974369464095,0.5722713479555552,0,-1.0
2025-09-29 21:00:00+00:00,1.1731581687927246,1.3430029153823853,-0.009780531501735745,0.8035719471820914,0.5746873010295974,0,-1.0
2025-09-29 22:00:00+00:00,1.1730204820632935,1.343418002128601,-0.01079149865863499,0.7817491050816555,0.5771126444106223,0,-1.0
2025-09-29 23:00:00+00:00,1.173433542251587,1.3435261249542236,-0.011229220599728112,0.7705175577714035,0.5796299276059885,0,-1.0
2025-09-30 00:00:00+00:00,1.172333002090454,1.3425341844558716,-0.012740993325806721,0.7399435352731523,0.5830301215039431,0,-1.0
2025-09-30 01:00:00+00:00,1.171783447265625,1.342426061630249,-0.014262972231979892,0.7094582022318074,0.5867657282977076,0,-1.0
2025-09-30 02:00:00+00:00,1.1726078987121582,1.3431291580200195,-0.014752690932210238,0.6978863490091981,0.5897684858806211,0,-1.0
2025-09-30 03:00:00+00:00,1.1727453470230103,1.3435983657836914,-0.015619155312505045,0.679582286595333,0.5924015535148724,0,-1.0
2025-09-30 04:00:00+00:00,1.1731581687927246,1.3438692092895508,-0.016062517572410867,0.6690250070672388,0.5946884832496397,0,-1.0
2025-09-30 05:00:00+00:00,1.1737089157104492,1.3433998823165894,-0.01604167430706696,0.666886185732901,0.5969114434125853,0,-1.0
2025-09-30 06:00:00+00:00,1.1742602586746216,1.3441221714019775,-0.016620728962322556,0.6538891935569943,0.5993725175528388,0,-1.0
2025-09-30 07:00:00+00:00,1.1745359897613525,1.3447909355163574,-0.01742043526375467,0.6370217248319926,0.6018581811669458,0,-1.0
2025-09-30 08:00:00+00:00,1.1759172677993774,1.3445920944213867,-0.016725931460350063,0.6471032061877178,0.6037826688354484,0,-1.0
2025-09-30 09:00:00+00:00,1.1750881671905518,1.3445016145706177,-0.018182867310773287,0.6184058793853527,0.6064589807973909,0,-1.0
2025-09-30 10:00:00+00:00,1.1748120784759521,1.3437970876693726,-0.018764168414161536,0.605623437782812,0.6087066800022958,0,-1.0
2025-09-30 11:00:00+00:00,1.1745359897613525,1.343706727027893,-0.019675157998236104,0.5870005701602282,0.6111332544422282,0,-1.0
2025-09-30 12:00:00+00:00,1.1741223335266113,1.344266653060913,-0.021160610577145494,0.5581693614677509,0.6141030024350939,0,-1.0
2025-09-30 13:00:00+00:00,1.173433542251587,1.3444656133651733,-0.022762450134368672,0.527425267357514,0.6172251303895114,0,-1.0
2025-09-30 14:00:00+00:00,1.175364375114441,1.3462210893630981,-0.02282101204979109,0.5245000589003942,0.6202432008647232,0,-1.0
2025-09-30 15:00:00+00:00,1.17384672164917,1.3443208932876587,-0.024113941691023294,0.49948806067195745,0.6232070483158663,0,-1.0
2025-09-30 16:00:00+00:00,1.1760554313659668,1.345949411392212,-0.02378874219842747,0.5035788584037295,0.6259001937991455,0,-1.0
2025-09-30 17:00:00+00:00,1.1752262115478516,1.3451346158981323,-0.024967329558603896,0.48068927596653327,0.628774679592866,0,-1.0
2025-09-30 18:00:00+00:00,1.1745359897613525,1.3450080156326294,-0.02644057603504449,0.4525961251874879,0.6319627551037261,0,-1.0
2025-09-30 19:00:00+00:00,1.1742602586746216,1.3448994159698486,-0.027667709098386062,0.4290036193754264,0.6354838783643785,0,-1.0
2025-09-30 20:00:00+00:00,1.1737089157104492,1.3446282148361206,-0.029142875948148905,0.40106413304403843,0.6393123991323866,0,-1.0
2025-09-30 21:00:00+00:00,1.17384672164917,1.3448994159698486,-0.030122833042813796,0.3821018065060648,0.6425805957281646,0,-1.0
2025-09-30 22:00:00+00:00,1.1737089157104492,1.3443751335144043,-0.030936280923024334,0.36614822009180703,0.6457792997092962,0,-1.0
2025-09-30 23:00:00+00:00,1.17384672164917,1.3443390130996704,-0.031607316643508965,0.3527784817137008,0.6485024619908554,0,-1.0
2025-10-01 00:00:00+00:00,1.1739845275878906,1.3441221714019775,-0.032022523239131295,0.3439703514440556,0.650657077267601,0,-1.0
2025-10-01 01:00:00+00:00,1.1742602586746216,1.344212532043457,-0.032652429564466595,0.33124840021382723,0.6534325449367361,0,-1.0
2025-10-01 02:00:00+00:00,1.1741223335266113,1.3441762924194336,-0.033818060180386744,0.30890159139425577,0.6570358251424496,0,-1.0
2025-10-01 03:00:00+00:00,1.1741223335266113,1.3441402912139893,-0.034735854805093586,0.29104515046212515,0.6601985561770768,0,-1.0
2025-10-01 04:00:00+00:00,1.1761938333511353,1.3463480472564697,-0.03416689445333623,0.299816313280531,0.6605694162167601,0,-1.0
2025-10-01 05:00:00+00:00,1.1756407022476196,1.3456052541732788,-0.03443911272714603,0.29336044332605893,0.6611299081679485,0,-1.0
2025-10-01 06:00:00+00:00,1.177163004875183,1.34678316116333,-0.03345680947630572,0.3092214095119627,0.6602339201080542,0,-1.0
2025-10-01 07:00:00+00:00,1.175364375114441,1.34678316116333,-0.034761842572811286,0.2840040967576783,0.6594812926878814,0,-1.0
2025-10-01 08:00:00+00:00,1.175364375114441,1.34678316116333,-0.03451232824921038,0.286469379196972,0.6586432057572439,0,-1.0
2025-10-01 09:00:00+00:00,1.1737089157104492,1.3464930057525635,-0.03569951217123393,0.26311697238652004,0.6583730973214044,0,-1.0
2025-10-01 10:00:00+00:00,1.1728830337524414,1.347127914428711,-0.03630342348109511,0.25017130099444146,0.6569959484080089,0,-1.0
2025-10-01 11:00:00+00:00,1.1737089157104492,1.3481448888778687,-0.0358778414876329,0.2554402045572348,0.6562679470984079,0,-1.0
2025-10-01 12:00:00+00:00,1.1752262115478516,1.3512600660324097,-0.03557135478054313,0.2584357266205036,0.6545097489437625,0,-1.0
2025-10-01 13:00:00+00:00,1.1757789850234985,1.3517714738845825,-0.03464739088463725,0.2723067654738825,0.6521827875514262,0,-1.0
2025-10-01 14:00:00+00:00,1.1749500036239624,1.3506760597229004,-0.034396955462309003,0.27390889587027,0.6507622561240859,0,-1.0
2025-10-01 15:00:00+00:00,1.1726078987121582,1.347218632698059,-0.03453555480948389,0.2683731520490826,0.650128738785448,0,-1.0
2025-10-01 16:00:00+00:00,1.1726078987121582,1.3474364280700684,-0.0344310517629233,0.26703619953684654,0.6494258762924229,0,-1.0
2025-10-01 17:00:00+00:00,1.1727453470230103,1.3473094701766968,-0.034161769363673905,0.2684796334877787,0.6491210206839354,0,-1.0
2025-10-01 18:00:00+00:00,1.17384672164917,1.3486722707748413,-0.03357903113854563,0.2753747112404503,0.6481171131920874,0,-1.0
2025-10-01 19:00:00+00:00,1.173433542251587,1.3479995727539062,-0.033334027714132214,0.27602475392582027,0.6472005658749079,0,-1.0
2025-10-01 20:00:00+00:00,1.173433542251587,1.3477815389633179,-0.032846120089035646,0.2809095436537429,0.645916584716757,0,-1.0
2025-10-01 21:00:00+00:00,1.1735711097717285,1.348199486732483,-0.03296725318392715,0.2746572126544204,0.6460440849103996,0,-1.0
2025-10-01 22:00:00+00:00,1.1737089157104492,1.3479633331298828,-0.03257889040672721,0.27746893753473256,0.6455157006395148,0,-1.0
2025-10-01 23:00:00+00:00,1.1735711097717285,1.3479268550872803,-0.03285093091204533,0.26822142596024234,0.6460920920129661,0,-1.0
2025-10-02 00:00:00+00:00,1.1732958555221558,1.3470009565353394,-0.033084194515680176,0.2595678343956037,0.6475780857881158,0,-1.0
2025-10-02 01:00:00+00:00,1.1742602586746216,1.3484721183776855,-0.03333811244577134,0.2504469416609341,0.6488111700647509,0,-1.0
2025-10-02 02:00:00+00:00,1.1741223335266113,1.3481448888778687,-0.0336871001818877,0.23949667791997115,0.650113310883142,0,-1.0
2025-10-02 03:00:00+00:00,1.17384672164917,1.3478542566299438,-0.03414131375305901,0.22652122787642906,0.6513179902275104,0,-1.0
2025-10-02 04:00:00+00:00,1.1737089157104492,1.3475998640060425,-0.0344052311172699,0.21688663699990882,0.652221213778681,0,-1.0
2025-10-02 05:00:00+00:00,1.1739845275878906,1.347636342048645,-0.03472919756301707,0.2059918080357526,0.6540348606345359,0,-1.0
2025-10-02 06:00:00+00:00,1.1746740341186523,1.3489633798599243,-0.03506323316947435,0.19476383143382595,0.6549617901026858,0,-1.0
2025-10-02 07:00:00+00:00,1.175364375114441,1.3494548797607422,-0.03516471297918872,0.18762142078783756,0.6564646231327016,0,-1.0
2025-10-02 08:00:00+00:00,1.1757789850234985,1.3505666255950928,-0.035773767287532676,0.17097410980309455,0.657865966860689,0,-1.0
2025-10-02 09:00:00+00:00,1.1757789850234985,1.3499102592468262,-0.03638042417165363,0.15411735675342064,0.6609537514190712,0,-1.0
2025-10-02 10:00:00+00:00,1.1756407022476196,1.347981333732605,-0.03685962215143451,0.13941287897615767,0.665329762955318,0,-1.0
2025-10-02 11:00:00+00:00,1.1755025386810303,1.3476907014846802,-0.03788034876237373,0.11436759137763106,0.6688374312015478,0,-1.0
2025-10-02 12:00:00+00:00,1.1741223335266113,1.3465112447738647,-0.03959927751781753,0.07594552683705179,0.6726345262480556,0,-1.0
2025-10-02 13:00:00+00:00,1.1726078987121582,1.3431291580200195,-0.04015740586679925,0.05905942564840353,0.6758855552034518,0,-1.0
2025-10-02 14:00:00+00:00,1.1716461181640625,1.3421196937561035,-0.04144019728754858,0.02818427630980136,0.6791834935247895,0,-1.0
2025-10-02 15:00:00+00:00,1.1700011491775513,1.3421378135681152,-0.044391369094892275,-0.03492956964041552,0.684406817240106,0,-1.0
2025-10-02 16:00:00+00:00,1.171783447265625,1.3439595699310303,-0.045296785117485416,-0.059399078197495174,0.6894783069369952,0,-1.0
2025-10-02 17:00:00+00:00,1.171783447265625,1.343833088874817,-0.046923134544896994,-0.09816272334560426,0.6952011183078279,0,-1.0
2025-10-02 18:00:00+00:00,1.1724703311920166,1.3447548151016235,-0.048823782120443165,-0.14279734921859574,0.7019867792645132,0,-1.0
2025-10-02 19:00:00+00:00,1.172195553779602,1.3443931341171265,-0.05079376251086931,-0.1893380854188115,0.7084894729348851,0,-1.0
2025-10-02 20:00:00+00:00,1.1719207763671875,1.344085931777954,-0.05262605276217902,-0.23374040352205375,0.7144403644738045,0,-1.0
2025-10-02 21:00:00+00:00,1.172333002090454,1.3437970876693726,-0.05346431596629536,-0.25898904238201403,0.7189869184860234,0,-1.0
2025-10-02 22:00:00+00:00,1.172195553779602,1.3441221714019775,-0.055927623818250144,-0.3173690307955097,0.7263316707170558,0,-1.0
2025-10-02 23:00:00+00:00,1.1727453470230103,1.3446824550628662,-0.057602787562533314,-0.36067227616255304,0.7325492375910324,0,-1.0
2025-10-03 00:00:00+00:00,1.1727453470230103,1.3445558547973633,-0.05995096456677668,-0.41847378516833655,0.7407135231086476,0,-1.0
2025-10-03 01:00:00+00:00,1.1730204820632935,1.3445920944213867,-0.06141929180817299,-0.4590246631736981,0.7463974009014196,0,-1.0
2025-10-03 02:00:00+00:00,1.1728830337524414,1.3440136909484863,-0.06357143030114695,-0.5146173703089628,0.754366353522062,0,-1.0
2025-10-03 03:00:00+00:00,1.1730204820632935,1.344573974609375,-0.0654819861627293,-0.5659821757460952,0.7601531129642476,0,-1.0
2025-10-03 04:00:00+00:00,1.172195553779602,1.3435983657836914,-0.06712879577642478,-0.6125623908772682,0.7652151183322754,0,-1.0
2025-10-03 05:00:00+00:00,1.17205810546875,1.343273639678955,-0.06815403965821287,-0.6466352826072171,0.7689186312169244,0,-1.0
2025-10-03 06:00:00+00:00,1.172333002090454,1.3434540033340454,-0.06899184011155252,-0.6774035199352736,0.7722009263773942,0,-1.0
2025-10-03 07:00:00+00:00,1.173433542251587,1.3459855318069458,-0.07053116267915954,-0.7242352676990181,0.7756470027366704,0,-1.0
2025-10-03 08:00:00+00:00,1.1743981838226318,1.3458406925201416,-0.07059150199730099,-0.739695624300269,0.7788977715980987,0,-1.0
2025-10-03 09:00:00+00:00,1.1741223335266113,1.3454241752624512,-0.07164052843805427,-0.7777764055405075,0.7824541365411875,0,-1.0
2025-10-03 10:00:00+00:00,1.1739845275878906,1.3453338146209717,-0.07282982062140558,-0.8199838427044674,0.7862447927751354,0,-1.0
2025-10-03 11:00:00+00:00,1.1737089157104492,1.3449175357818604,-0.07398990792027252,-0.8627571960434842,0.7901883817179786,0,-1.0
2025-10-03 12:00:00+00:00,1.1743981838226318,1.3459312915802002,-0.07513815718512534,-0.9062182515510956,0.7940254466714189,0,-1.0
2025-10-03 13:00:00+00:00,1.1741223335266113,1.3465837240219116,-0.07687873965696732,-0.9643889681622146,0.7977921547116191,0,-1.0
2025-10-03 14:00:00+00:00,1.1745359897613525,1.3472368717193604,-0.07787134805379517,-1.0061989152198596,0.8010062839455862,0,-1.0
2025-10-03 15:00:00+00:00,1.1749500036239624,1.3480178117752075,-0.07896837464795334,-1.051593910988894,0.804305555444727,0,-1.0
2025-10-03 16:00:00+00:00,1.1742602586746216,1.3477997779846191,-0.08031196626340872,-1.1039072159736243,0.8072755996627331,0,-1.0
2025-10-03 17:00:00+00:00,1.1737089157104492,1.3471460342407227,-0.08175800066675026,-1.1602670139163984,0.8118665871993225,0,-1.0
2025-10-03 18:00:00+00:00,1.1742602586746216,1.348054051399231,-0.08319294028247087,-1.217806326583915,0.8164119754447424,0,-1.0
2025-10-03 19:00:00+00:00,1.1743981838226318,1.3483266830444336,-0.08469467024563268,-1.2785607393501834,0.8212773433939631,0,-1.0
2025-10-03 20:00:00+00:00,1.1745359897613525,1.3481813669204712,-0.08460845809885609,-1.2993590775846027,0.8216778058691242,0,-1.0
2025-10-03 21:00:00+00:00,1.1743981838226318,1.348090410232544,-0.08430300796533682,-1.3136335449367535,0.8204479395414225,0,-1.0
2025-10-05 23:00:00+00:00,1.1715089082717896,1.3433277606964111,-0.08436964830660487,-1.3383407763599742,0.8221659550141428,0,-1.0
2025-10-06 00:00:00+00:00,1.1719207763671875,1.3440499305725098,-0.08511800981747228,-1.3815567165010314,0.8243912598759939,0,-1.0
2025-10-06 01:00:00+00:00,1.1727453470230103,1.345062255859375,-0.0853516976932307,-1.4110812245680382,0.8254584456607887,0,-1.0
2025-10-06 02:00:00+00:00,1.1730204820632935,1.345532774925232,-0.08571196273264761,-1.4442603644635135,0.8264899503053827,0,-1.0
2025-10-06 03:00:00+00:00,1.1727453470230103,1.345188856124878,-0.08588259651358271,-1.4713659733240778,0.8269867960219777,0,-1.0
2025-10-06 04:00:00+00:00,1.172333002090454,1.3447548151016235,-0.08621899836975055,-1.5024622645849202,0.8278362343529787,1,-1.0
2025-10-06 05:00:00+00:00,1.17205810546875,1.3443571329116821,-0.08636336333574177,-1.527035492689529,0.8283590232222848,1,1.0
2025-10-06 06:00:00+00:00,1.1697274446487427,1.344212532043457,-0.08869963239208953,-1.6126093916625126,0.8298291428208842,1,1.0
2025-10-06 07:00:00+00:00,1.1667250394821167,1.3445558547973633,-0.09198376920031298,-1.7241405640343697,0.8315252736380482,1,1.0
2025-10-06 08:00:00+00:00,1.1671334505081177,1.343742847442627,-0.09182411407007884,-1.7365956116191206,0.8338717250154238,1,1.0
2025-10-06 09:00:00+00:00,1.1668611764907837,1.343742847442627,-0.09269974997341796,-1.7766603514224821,0.8360457137427405,1,1.0
2025-10-06 10:00:00+00:00,1.1667250394821167,1.3426424264907837,-0.09312083312399069,-1.8021146923268296,0.8394035236749782,1,1.0
2025-10-06 11:00:00+00:00,1.1678149700164795,1.3424440622329712,-0.09296151818692527,-1.8093569148810653,0.8424543802103309,1,1.0
2025-10-06 12:00:00+00:00,1.1691803932189941,1.343706727027893,-0.09311395987382315,-1.8241538973490141,0.8442448238318428,1,1.0
2025-10-06 13:00:00+00:00,1.1704120635986328,1.346293568611145,-0.09346199019581905,-1.8426614153923528,0.8434955020713274,1,1.0
2025-10-06 14:00:00+00:00,1.17205810546875,1.348054051399231,-0.09255285068501584,-1.8228807714503172,0.8414663626392356,1,1.0
2025-10-06 15:00:00+00:00,1.1709601879119873,1.3474364280700684,-0.09258889361349404,-1.829724105531143,0.8397375938627034,1,1.0
2025-10-06 16:00:00+00:00,1.1713716983795166,1.3475455045700073,-0.09173922684756755,-1.809188884709574,0.8378391614507344,1,1.0
2025-10-06 17:00:00+00:00,1.1713716983795166,1.3483994007110596,-0.0913586182676566,-1.8013057420472995,0.8347903276163215,1,1.0
2025-10-06 18:00:00+00:00,1.1716461181640625,1.3483085632324219,-0.09024261179981047,-1.7705514503052109,0.8320280048667079,1,1.0
2025-10-06 19:00:00+00:00,1.1715089082717896,1.348235845565796,-0.08960029680936071,-1.7532526759197333,0.8296365617489379,1,1.0
2025-10-06 20:00:00+00:00,1.1716461181640625,1.3485267162322998,-0.08883086947373478,-1.7313305734004967,0.8268564798987674,1,1.0
2025-10-06 21:00:00+00:00,1.1715089082717896,1.348090410232544,-0.0879849802623274,-1.7063732178323014,0.8245281790581207,1,1.0
2025-10-06 22:00:00+00:00,1.1713716983795166,1.3482539653778076,-0.08744039587391278,-1.6898592897916687,0.8219789295757537,1,1.0
2025-10-06 23:00:00+00:00,1.1713716983795166,1.3484721183776855,-0.08641696919789979,-1.6582675285398936,0.8181109595265844,1,1.0
2025-10-07 00:00:00+00:00,1.1710972785949707,1.348235845565796,-0.08544221718844947,-1.6278410752803465,0.8145443449348772,1,1.0
2025-10-07 01:00:00+00:00,1.1700011491775513,1.3474546670913696,-0.08484929011024026,-1.6080686610183503,0.8109990782882969,1,1.0
2025-10-07 02:00:00+00:00,1.170548915863037,1.347636342048645,-0.08343367286099254,-1.5638099086874624,0.8074566581829147,1,1.0
2025-10-07 03:00:00+00:00,1.1706860065460205,1.3476725816726685,-0.08246636181102562,-1.5330113534886707,0.8045344877562873,1,1.0
2025-10-07 04:00:00+00:00,1.1701380014419556,1.3470735549926758,-0.08185842197699555,-1.512486890631149,0.8021229894635001,1,1.0
2025-10-07 05:00:00+00:00,1.1695905923843384,1.3459675312042236,-0.08135453623469457,-1.4947328470121322,0.80106968006894,0,1.0
2025-10-07 06:00:00+00:00,1.1689070463180542,1.3452612161636353,-0.08098412832138216,-1.480173358157227,0.7992674237715907,0,1.0
2025-10-07 07:00:00+00:00,1.1679514646530151,1.3435261249542236,-0.08056404055582053,-1.4637389979058055,0.798568543706756,0,1.0
2025-10-07 08:00:00+00:00,1.1669973134994507,1.3436707258224487,-0.08123195580628081,-1.4787913496225815,0.797771988963513,0,1.0
2025-10-07 09:00:00+00:00,1.1667250394821167,1.344248652458191,-0.08121453422351074,-1.4729491061944477,0.7957647344851222,0,1.0
2025-10-07 10:00:00+00:00,1.1676785945892334,1.3427504301071167,-0.07919077143843647,-1.4082631483582335,0.7946810070136484,0,1.0
2025-10-07 11:00:00+00:00,1.1665889024734497,1.3403208255767822,-0.0788572227678232,-1.393204100118476,0.7952682897526758,0,1.0
2025-10-07 12:00:00+00:00,1.1668611764907837,1.341579556465149,-0.07923658569053488,-1.3985313296531767,0.7948130262832334,0,1.0
2025-10-07 13:00:00+00:00,1.1664528846740723,1.3419395685195923,-0.0797195252036586,-1.40629039171129,0.7945400497334577,0,1.0
2025-10-07 14:00:00+00:00,1.1667250394821167,1.3432375192642212,-0.07953499778055495,-1.3941393145464165,0.792102225428613,0,1.0
2025-10-07 15:00:00+00:00,1.1676785945892334,1.344212532043457,-0.07774667525963919,-1.3355258744055418,0.7868754727932127,0,1.0
2025-10-07 16:00:00+00:00,1.1675423383712769,1.3444112539291382,-0.0767140256269361,-1.2990845678637601,0.7825989427028515,0,1.0
2025-10-07 17:00:00+00:00,1.1672697067260742,1.3441944122314453,-0.07557395503828485,-1.2597987332514229,0.7783819314323278,0,1.0
2025-10-07 18:00:00+00:00,1.1661807298660278,1.3430570363998413,-0.07527966344923981,-1.244898194484274,0.77645361050867,0,1.0
2025-10-07 19:00:00+00:00,1.1653653383255005,1.3421378135681152,-0.07525126092837056,-1.2374242547308214,0.7757867306853077,0,1.0
2025-10-07 20:00:00+00:00,1.1663167476654053,1.342480182647705,-0.07436722782284874,-1.2055867641166205,0.7748841266543358,0,1.0
2025-10-07 21:00:00+00:00,1.16604483127594,1.3427865505218506,-0.07471496277251047,-1.2089819155688215,0.7746729293926784,0,1.0
2025-10-07 22:00:00+00:00,1.1663167476654053,1.342570185661316,-0.07359176644665832,-1.1701227770206817,0.7720754046869566,0,1.0
2025-10-07 23:00:00+00:00,1.1656370162963867,1.342065691947937,-0.07332879152599447,-1.1557730655607386,0.7701863748690054,0,1.0
2025-10-08 00:00:00+00:00,1.1650937795639038,1.3416515588760376,-0.07347914584258977,-1.1531280323090147,0.7699206489260229,0,1.0
2025-10-08 01:00:00+00:00,1.1629259586334229,1.3397821187973022,-0.07553306435958279,-1.203778947673944,0.774245640489706,0,1.0
2025-10-08 02:00:00+00:00,1.1626555919647217,1.3397103548049927,-0.07698008174558904,-1.2365187158567335,0.7785402551277746,0,1.0
2025-10-08 03:00:00+00:00,1.1627906560897827,1.339979648590088,-0.07785659579334325,-1.2525760562892456,0.7813975435548817,0,1.0
2025-10-08 04:00:00+00:00,1.16225004196167,1.3393514156341553,-0.07943817112420326,-1.287848743146859,0.7864729962416928,0,1.0
2025-10-08 05:00:00+00:00,1.1619800329208374,1.339064598083496,-0.080838801908338,-1.317250089269805,0.7910512767537533,0,1.0
2025-10-08 06:00:00+00:00,1.1619800329208374,1.3397103548049927,-0.08199253098187678,-1.3391023077032698,0.7936921784917425,0,1.0
2025-10-08 07:00:00+00:00,1.1634671688079834,1.3416515588760376,-0.08088540410339393,-1.2982229053772105,0.7903668378058946,0,1.0
2025-10-08 08:00:00+00:00,1.1617100238800049,1.3407881259918213,-0.08170840405648566,-1.3106956225090385,0.7897544217060681,0,1.0
2025-10-08 09:00:00+00:00,1.16130530834198,1.3402670621871948,-0.08157806294819167,-1.296802302198106,0.7891678009622772,0,1.0
2025-10-08 10:00:00+00:00,1.163602590560913,1.3412736654281616,-0.07916013160971946,-1.2208149323410125,0.7856456419647899,0,1.0
2025-10-08 11:00:00+00:00,1.1629259586334229,1.340572476387024,-0.07846473116590971,-1.192589957290566,0.7826901639932464,0,1.0
2025-10-08 12:00:00+00:00,1.1637378931045532,1.3418855667114258,-0.07688355327824664,-1.1406894558420755,0.7770810359100866,0,1.0
2025-10-08 13:00:00+00:00,1.1637378931045532,1.3429127931594849,-0.07503518724710609,-1.0821509425276008,0.7687952082753978,0,1.0
2025-10-08 14:00:00+00:00,1.1626555919647217,1.3422818183898926,-0.07419507116608762,-1.051505476682776,0.7640078389107544,0,1.0
2025-10-08 15:00:00+00:00,1.1609008312225342,1.339172124862671,-0.07471476090627135,-1.057791874613378,0.7666831438722947,0,1.0
2025-10-08 16:00:00+00:00,1.1609008312225342,1.33872389793396,-0.07549442714701785,-1.0709057440378469,0.7702356349462406,0,1.0
2025-10-08 17:00:00+00:00,1.1610356569290161,1.338114857673645,-0.07605974829324003,-1.077991910038623,0.7737786491505756,0,1.0
2025-10-08 18:00:00+00:00,1.16225004196167,1.339046597480774,-0.0753634534760346,-1.0510520746446725,0.7731296094836587,0,1.0
2025-10-08 19:00:00+00:00,1.163061261177063,1.3400874137878418,-0.07471967543034075,-1.0257406422361224,0.7712618630524289,0,1.0
2025-10-08 20:00:00+00:00,1.1633317470550537,1.3402849435806274,-0.07428241741719416,-1.006148915630527,0.7701747453808186,0,1.0
2025-10-08 21:00:00+00:00,1.1633317470550537,1.3402849435806274,-0.073954457777763,-0.9895577514644037,0.7690549791426493,0,1.0
2025-10-08 22:00:00+00:00,1.1637378931045532,1.3406802415847778,-0.07394518810597561,-0.9816045627451524,0.7694404258373401,0,1.0
2025-10-08 23:00:00+00:00,1.1633317470550537,1.3401411771774292,-0.0745150038434281,-0.9891261070136091,0.7712513540874714,0,1.0
2025-10-09 00:00:00+00:00,1.1641442775726318,1.3410757780075073,-0.07491723443630235,-0.992084144340585,0.7731689559055794,0,1.0
2025-10-09 01:00:00+00:00,1.1642799377441406,1.3408600091934204,-0.07533254235188264,-0.9953342917438087,0.7754063071393772,0,1.0
2025-10-09 02:00:00+00:00,1.1648223400115967,1.341597557067871,-0.07587790036130745,-1.0020132823671213,0.7773960883329922,0,1.0
2025-10-09 03:00:00+00:00,1.1648223400115967,1.341525673866272,-0.0766297412295242,-1.014150049059479,0.7800968193318734,0,1.0
2025-10-09 04:00:00+00:00,1.164958119392395,1.3413276672363281,-0.07690774744307757,-1.013572766384883,0.7818325526983714,0,1.0
2025-10-09 05:00:00+00:00,1.1642799377441406,1.340644359588623,-0.07802407738712608,-1.0354098578952335,0.78501316246958,0,1.0
2025-10-09 06:00:00+00:00,1.1618449687957764,1.336523175239563,-0.08019156118346282,-1.0851754617511897,0.7935999104257855,0,1.0
2025-10-09 07:00:00+00:00,1.161440134048462,1.3352917432785034,-0.08216487595902583,-1.1294105704870874,0.8017491421772388,0,1.0
2025-10-09 08:00:00+00:00,1.1615750789642334,1.3362016677856445,-0.08492007828904782,-1.1941946647634651,0.8097718285224998,0,1.0
2025-10-09 09:00:00+00:00,1.1627906560897827,1.3386342525482178,-0.0869548535358389,-1.2392586402532302,0.8152847782995832,0,1.0
2025-10-09 10:00:00+00:00,1.1621150970458984,1.3373095989227295,-0.0886533589782958,-1.2750515428311793,0.8219060069928543,0,1.0
2025-10-09 11:00:00+00:00,1.1615750789642334,1.3376137018203735,-0.09139400710908072,-1.3384421592969657,0.8290873995216558,0,1.0
2025-10-09 12:00:00+00:00,1.1618449687957764,1.3384371995925903,-0.09337932938281332,-1.3812175040829184,0.8349445514288065,0,1.0
2025-10-09 13:00:00+00:00,1.160496711730957,1.3368090391159058,-0.09602557879411366,-1.441266703374282,0.8435616858027885,0,1.0
2025-10-09 14:00:00+00:00,1.1583458185195923,1.333173394203186,-0.09890296692201594,-1.5069519002793528,0.8551054762162019,1,1.0
2025-10-09 15:00:00+00:00,1.1560693979263306,1.3309022188186646,-0.103931449112459,-1.6291559693295188,0.8709151339020466,1,1.0
2025-10-09 16:00:00+00:00,1.1560693979263306,1.3293983936309814,-0.10630142497901734,-1.6791636440169502,0.8826969827351672,1,1.0
2025-10-09 17:00:00+00:00,1.156336784362793,1.329787254333496,-0.1092164919107648,-1.7430061155170258,0.8928302401238585,1,1.0
2025-10-09 18:00:00+00:00,1.155001163482666,1.328179955482483,-0.11239951153643554,-1.8129574246897322,0.9037781229835946,1,1.0
2025-10-09 19:00:00+00:00,1.156336784362793,1.3296988010406494,-0.11481983942734617,-1.8614673959413297,0.912702810953045,1,1.0
2025-10-09 20:00:00+00:00,1.1568717956542969,1.3304418325424194,-0.11700894631472622,-1.9031381588390348,0.9202044621144394,1,1.0
2025-10-09 21:00:00+00:00,1.1570056676864624,1.3308314085006714,-0.119513043503158,-1.9523951452865653,0.9284282747031796,1,1.0
2025-10-09 22:00:00+00:00,1.1568717956542969,1.3301055431365967,-0.12088368200360503,-1.971119098891112,0.9346032047141877,1,1.0
2025-10-09 23:00:00+00:00,1.1568717956542969,1.3303532600402832,-0.1227464705615681,-2.002782521824378,0.9405194004742812,1,1.0
2025-10-10 00:00:00+00:00,1.157139539718628,1.3305304050445557,-0.12408960206975295,-2.020630283274699,0.9455944293794248,1,1.0
2025-10-10 01:00:00+00:00,1.156738042831421,1.330247163772583,-0.1262671315532842,-2.0604574506594453,0.9527144878080851,1,1.0
2025-10-10 02:00:00+00:00,1.157273530960083,1.3309022188186646,-0.12892346560588555,-2.1112004375629607,0.9619852944825052,1,1.0
2025-10-10 03:00:00+00:00,1.1576753854751587,1.331238865852356,-0.13148015270041252,-2.15778477386027,0.9712844080514578,1,1.0
2025-10-10 04:00:00+00:00,1.1576753854751587,1.3308314085006714,-0.13446997797431498,-2.2141410065417886,0.9827858462332448,1,1.0
2025-10-10 05:00:00+00:00,1.157273530960083,1.3307428359985352,-0.13800272039480946,-2.2824914234073415,0.9941633278666578,1,1.0
2025-10-10 06:00:00+00:00,1.1576753854751587,1.3298403024673462,-0.13990558682102844,-2.306787067935754,1.0044227411527067,1,1.0
2025-10-10 07:00:00+00:00,1.1582117080688477,1.3302648067474365,-0.14217137859549198,-2.3388012455919367,1.0128620203568592,1,1.0
2025-10-10 08:00:00+00:00,1.1582117080688477,1.3309022188186646,-0.14513848390501052,-2.3867300867588046,1.0215443200270016,1,1.0
2025-10-10 09:00:00+00:00,1.1578094959259033,1.3291332721710205,-0.14604487946749356,-2.38097956161721,1.0282844071193977,1,1.0
2025-10-10 10:00:00+00:00,1.1575413942337036,1.326682209968567,-0.14450139687723088,-2.3139396255092857,1.02871933831441,1,1.0
2025-10-10 11:00:00+00:00,1.1566041707992554,1.3273338079452515,-0.14718907960705283,-2.3543735935541896,1.0335664143046766,1,1.0
2025-10-10 12:00:00+00:00,1.1576753854751587,1.3281270265579224,-0.1479437337870404,-2.345367883605337,1.0373121275620028,1,1.0
2025-10-10 13:00:00+00:00,1.157273530960083,1.3277744054794312,-0.1493026692059923,-2.3513612169109313,1.0418524446344617,1,1.0
2025-10-10 14:00:00+00:00,1.158077597618103,1.3302825689315796,-0.15252973427845357,-2.4028740872097973,1.0487041473618819,1,1.0
2025-10-10 15:00:00+00:00,1.161440134048462,1.3338847160339355,-0.15450615450139626,-2.4217816965229315,1.0557848322470944,1,1.0
2025-10-10 16:00:00+00:00,1.1607661247253418,1.3344007730484009,-0.15775831161903503,-2.4706775319792484,1.0636303062835342,1,1.0
2025-10-10 17:00:00+00:00,1.1606314182281494,1.334614634513855,-0.16017151115749806,-2.4970522217685427,1.0709982112057752,1,1.0
2025-10-10 18:00:00+00:00,1.161440134048462,1.3348461389541626,-0.1616160666208189,-2.498924560221112,1.0777684078996757,1,1.0
2025-10-10 19:00:00+00:00,1.1615750789642334,1.3351848125457764,-0.16378271978966039,-2.517373534894203,1.084719741898968,1,1.0
2025-10-10 20:00:00+00:00,1.1631964445114136,1.335862636566162,-0.16416929112286696,-2.492715277799544,1.0889704185231452,1,1.0
2025-10-10 21:00:00+00:00,1.163061261177063,1.33539879322052,-0.16541147220822136,-2.4885621210737843,1.0941709147496517,1,1.0
2025-10-12 23:00:00+00:00,1.160496711730957,1.333653450012207,-0.16756429464187203,-2.5052667241174635,1.098951326245944,1,1.0
2025-10-13 00:00:00+00:00,1.1618449687957764,1.335024356842041,-0.16953013540229275,-2.5166467860392583,1.105865651246872,1,1.0
2025-10-13 01:00:00+00:00,1.1621150970458984,1.3354523181915283,-0.1714101313001499,-2.524676374981285,1.1119430998552466,1,1.0
2025-10-13 02:00:00+00:00,1.16225004196167,1.3351491689682007,-0.17266755881106782,-2.517858145309211,1.1175684973303015,1,1.0
2025-10-13 03:00:00+00:00,1.1623852252960205,1.335416555404663,-0.17362178681368595,-2.5041191907858726,1.120495940403856,1,1.0
2025-10-13 04:00:00+00:00,1.16225004196167,1.3356484174728394,-0.1745743639781317,-2.490441063080043,1.122713304678229,1,1.0
2025-10-13 05:00:00+00:00,1.1617100238800049,1.334810495376587,-0.1745236551438466,-2.454746723572413,1.123368139794928,1,1.0
2025-10-13 06:00:00+00:00,1.1617100238800049,1.334917426109314,-0.17483321392736006,-2.4280801959160163,1.1241282415088139,1,1.0
2025-10-13 07:00:00+00:00,1.1603620052337646,1.3336889743804932,-0.17531443277257167,-2.406010297345107,1.1253615193584596,1,1.0
2025-10-13 08:00:00+00:00,1.1588828563690186,1.3327114582061768,-0.17621915234177657,-2.393765244006363,1.1269432673056765,1,1.0
2025-10-13 09:00:00+00:00,1.1598236560821533,1.3338135480880737,-0.1767334373601465,-2.373362512584351,1.1283119127933028,1,1.0
2025-10-13 10:00:00+00:00,1.1586142778396606,1.3336889743804932,-0.17848391260984012,-2.380021849504311,1.1311339103979907,1,1.0
2025-10-13 11:00:00+00:00,1.1570056676864624,1.333066701889038,-0.18070553123311245,-2.396191392516168,1.1358651618224613,1,1.0
2025-10-13 12:00:00+00:00,1.157139539718628,1.3332622051239014,-0.18206805594282638,-2.3933555577258994,1.1404253931808386,1,1.0
2025-10-13 13:00:00+00:00,1.1578094959259033,1.3334221839904785,-0.18256397009703867,-2.372211511289524,1.1436848021137334,1,1.0
2025-10-13 14:00:00+00:00,1.156336784362793,1.3327114582061768,-0.18424133363773434,-2.3764412626558595,1.1472163990815816,1,1.0
2025-10-13 15:00:00+00:00,1.1578094959259033,1.3329423666000366,-0.18362029143537795,-2.332783926039249,1.1487926485110536,1,1.0
2025-10-13 16:00:00+00:00,1.1578094959259033,1.3329778909683228,-0.18404428979207427,-2.312098763446942,1.1501613368687715,1,1.0
2025-10-13 17:00:00+00:00,1.1576753854751587,1.3332977294921875,-0.1849271216337004,-2.301376979946474,1.1518684284169434,1,1.0
2025-10-13 18:00:00+00:00,1.157139539718628,1.3333688974380493,-0.18607599152005938,-2.296257154567383,1.1540387381263277,1,1.0
2025-10-13 19:00:00+00:00,1.1570056676864624,1.333066701889038,-0.18647927395507063,-2.2760588298310043,1.1559489971162273,1,1.0
2025-10-13 20:00:00+00:00,1.1574074029922485,1.3334044218063354,-0.186973756299187,-2.2581241998088797,1.1578564099816064,1,1.0
2025-10-13 21:00:00+00:00,1.1575413942337036,1.3335822820663452,-0.18748507752398494,-2.2410279188461217,1.159498300539012,1,1.0
2025-10-13 22:00:00+00:00,1.157139539718628,1.333173394203186,-0.18798055459063362,-2.224076357247097,1.1612503442964568,1,1.0
2025-10-13 23:00:00+00:00,1.1568717956542969,1.3332444429397583,-0.18891160862167036,-2.216091042840062,1.1634677430434301,1,1.0
2025-10-14 00:00:00+00:00,1.1564704179763794,1.333760142326355,-0.1905635716451076,-2.222456380369049,1.1664365032614006,1,1.0
2025-10-14 01:00:00+00:00,1.1574074029922485,1.3343831300735474,-0.1908465527314272,-2.2016476744082043,1.168336737502882,1,1.0
2025-10-14 02:00:00+00:00,1.1578094959259033,1.3344186544418335,-0.1906867636389255,-2.1730619734863605,1.168879052133221,1,1.0
2025-10-14 03:00:00+00:00,1.1582117080688477,1.3346322774887085,-0.1907476494578613,-2.1495285500166808,1.1696450466434645,1,1.0
2025-10-14 04:00:00+00:00,1.1595547199249268,1.3352560997009277,-0.19043361052710675,-2.119413383467766,1.1706766769645895,1,1.0
2025-10-14 05:00:00+00:00,1.1587486267089844,1.334614634513855,-0.1907521935372271,-2.1021675431998053,1.1713200395070416,1,1.0
2025-10-14 06:00:00+00:00,1.1574074029922485,1.3280565738677979,-0.1841651647006895,-1.952677745841888,1.1643577137854428,1,1.0
2025-10-14 07:00:00+00:00,1.1552680730819702,1.3257851600646973,-0.181866850775245,-1.889045405377694,1.1567150599330887,1,1.0
2025-10-14 08:00:00+00:00,1.1560693979263306,1.3283741474151611,-0.1823252444456901,-1.8797308975851659,1.152824153015068,1,1.0
2025-10-14 09:00:00+00:00,1.1559356451034546,1.3268758058547974,-0.17937649597218372,-1.8053389226013594,1.1465892929818644,1,1.0
2025-10-14 10:00:00+00:00,1.1555349826812744,1.326470971107483,-0.1776655193600064,-1.7561267311328355,1.1405445683920914,1,1.0
2025-10-14 11:00:00+00:00,1.1555349826812744,1.3269110918045044,-0.17663653013206665,-1.7208551824968081,1.1355690038432376,1,1.0
2025-10-14 12:00:00+00:00,1.1560693979263306,1.3263479471206665,-0.17377252170980045,-1.6510867941047824,1.128772287787137,1,1.0
2025-10-14 13:00:00+00:00,1.1578094959259033,1.3283741474151611,-0.17241072435184285,-1.6111554990763668,1.1232052174721014,1,1.0
2025-10-14 14:00:00+00:00,1.15968918800354,1.3296988010406494,-0.17041496799664294,-1.5596114035466138,1.1179654517462236,1,1.0
2025-10-14 15:00:00+00:00,1.161170482635498,1.331912636756897,-0.17000047913829738,-1.5389259972785494,1.1144843009317575,1,1.0
2025-10-14 16:00:00+00:00,1.16130530834198,1.3318061828613281,-0.16865225007293716,-1.5006892777284109,1.1104951186689136,1,1.0
2025-10-14 17:00:00+00:00,1.16130530834198,1.3328180313110352,-0.1686768346656975,-1.4891707828672238,1.1076450882089106,0,1.0
2025-10-14 18:00:00+00:00,1.1607661247253418,1.3327823877334595,-0.16837585158910223,-1.4715900692305686,1.1050838640448746,0,1.0
2025-10-14 19:00:00+00:00,1.1609008312225342,1.3326935768127441,-0.16735791563468433,-1.4405709906893855,1.1021999979134605,0,1.0
2025-10-14 20:00:00+00:00,1.161170482635498,1.3319659233093262,-0.16532608080759334,-1.3905017513228906,1.098022111394917,0,1.0
2025-10-14 21:00:00+00:00,1.161170482635498,1.3320368528366089,-0.16418005009214412,-1.3579218872371932,1.0938209884359977,0,1.0
2025-10-14 22:00:00+00:00,1.1607661247253418,1.3320368528366089,-0.16326307564835735,-1.3301647445689502,1.0894079178260248,0,1.0
2025-10-14 23:00:00+00:00,1.1606314182281494,1.3322497606277466,-0.16249163115987697,-1.3054006440701307,1.0857072265294183,0,1.0
2025-10-15 00:00:00+00:00,1.16130530834198,1.332924485206604,-0.161489859857111,-1.2764300809377287,1.0823282357996689,0,1.0
2025-10-15 01:00:00+00:00,1.1623852252960205,1.3339558839797974,-0.1604960255729968,-1.2478357049579698,1.0791995862109744,0,1.0
2025-10-15 02:00:00+00:00,1.1626555919647217,1.335024356842041,-0.16042900829426052,-1.2373064366970346,1.0767821403156164,0,1.0
2025-10-15 03:00:00+00:00,1.162520408630371,1.3352383375167847,-0.16015810353711235,-1.2228666911862602,1.0748459974018703,0,1.0
2025-10-15 04:00:00+00:00,1.16225004196167,1.3348639011383057,-0.15927999823324385,-1.1968240326612785,1.072044190480647,0,1.0
2025-10-15 05:00:00+00:00,1.1623852252960205,1.335416555404663,-0.15903165857342644,-1.1831457783594197,1.0700535281905286,0,1.0
2025-10-15 06:00:00+00:00,1.1637378931045532,1.3362195491790771,-0.1575681825409543,-1.1460176858652258,1.066797682697422,0,1.0
2025-10-15 07:00:00+00:00,1.163873314857483,1.3352560997009277,-0.15566673029204917,-1.1005574632450124,1.063284907622552,0,1.0
2025-10-15 08:00:00+00:00,1.163602590560913,1.3344542980194092,-0.1542090988903438,-1.0639618776047741,1.059640178902444,0,1.0
2025-10-15 09:00:00+00:00,1.163873314857483,1.3351848125457764,-0.15365788037406355,-1.0452530464356167,1.0565319299775593,0,1.0
2025-10-15 10:00:00+00:00,1.1629259586334229,1.3365589380264282,-0.15504931914260775,-1.064673412649641,1.0547751198361202,0,1.0
2025-10-15 11:00:00+00:00,1.1623852252960205,1.3352383375167847,-0.15384319457931406,-1.0330198623672262,1.0526011607133223,0,1.0
2025-10-15 12:00:00+00:00,1.1621150970458984,1.3346322774887085,-0.15291222518206868,-1.0069265717589544,1.0502263348487482,0,1.0
2025-10-15 13:00:00+00:00,1.163061261177063,1.335006594657898,-0.15160832014769401,-0.9736000142299969,1.0475109531616,0,1.0
2025-10-15 14:00:00+00:00,1.1627906560897827,1.336523175239563,-0.1524625849945948,-0.9830547153420967,1.0455537268176216,0,1.0
2025-10-15 15:00:00+00:00,1.1640088558197021,1.3394231796264648,-0.15308822602727495,-0.9879625725404922,1.0435230155456798,0,1.0
2025-10-15 16:00:00+00:00,1.1642799377441406,1.3391542434692383,-0.15206385080469206,-0.9601225706965865,1.0415302252623106,0,1.0
2025-10-15 17:00:00+00:00,1.1633317470550537,1.3377211093902588,-0.15118699256729046,-0.9353185215354095,1.0395493480581774,0,1.0
2025-10-15 18:00:00+00:00,1.163602590560913,1.3382760286331177,-0.15048238527461472,-0.9140679785830104,1.036450469297885,0,1.0
2025-10-15 19:00:00+00:00,1.1648223400115967,1.3394591808319092,-0.14949019327871496,-0.8871493358512758,1.0335065894168727,0,1.0
2025-10-15 20:00:00+00:00,1.1652295589447021,1.3401591777801514,-0.14851814792995333,-0.8607397726523922,1.0295362304460043,0,1.0
2025-10-15 21:00:00+00:00,1.1648223400115967,1.3393874168395996,-0.14749861217316676,-0.833418367133742,1.026880560258543,0,1.0
2025-10-15 22:00:00+00:00,1.1650937795639038,1.3404287099838257,-0.14724377697191807,-0.821578189513205,1.0240823057348702,0,1.0
2025-10-15 23:00:00+00:00,1.164958119392395,1.340356707572937,-0.1468018720636101,-0.8059763052499977,1.022364052749875,0,1.0
2025-10-16 00:00:00+00:00,1.1667250394821167,1.3423359394073486,-0.14650014744329456,-0.7932489394961841,1.0213630538992342,0,1.0
2025-10-16 01:00:00+00:00,1.1672697067260742,1.343508243560791,-0.14651733836575834,-0.7870502011821399,1.0199824084518525,0,1.0
2025-10-16 02:00:00+00:00,1.1669973134994507,1.3432193994522095,-0.1465087459939843,-0.7803601675527865,1.0199055898328246,0,1.0
2025-10-16 03:00:00+00:00,1.1665889024734497,1.3422459363937378,-0.14614987395321982,-0.766538776902501,1.0200092681318969,0,1.0
2025-10-16 04:00:00+00:00,1.1659088134765625,1.3414536714553833,-0.14612581421879267,-0.7596273848910596,1.0199923814120369,0,1.0
2025-10-16 05:00:00+00:00,1.1663167476654053,1.341687560081482,-0.14575012256978065,-0.7454844087499666,1.0192993803376753,0,1.0
2025-10-16 06:00:00+00:00,1.1657729148864746,1.3411837816238403,-0.14568066452076547,-0.7377021300342262,1.018778010824388,0,1.0
2025-10-16 07:00:00+00:00,1.1655012369155884,1.342624306678772,-0.14657430965815865,-0.7499782878418553,1.0173080838723305,0,1.0
2025-10-16 08:00:00+00:00,1.1661807298660278,1.3437970876693726,-0.14628987630253387,-0.7377225285363019,1.0153120448629827,0,1.0
2025-10-16 09:00:00+00:00,1.1661807298660278,1.3436164855957031,-0.14555276059032918,-0.7159856619518378,1.0132784521010691,0,1.0
2025-10-16 10:00:00+00:00,1.1659088134765625,1.3434721231460571,-0.14500913855009856,-0.6983114798061439,1.0110162164569314,0,1.0
2025-10-16 11:00:00+00:00,1.1656370162963867,1.344031810760498,-0.14486242537402583,-0.6890223446737691,1.008307285252015,0,1.0
2025-10-16 12:00:00+00:00,1.1664528846740723,1.3447909355163574,-0.14376007204619423,-0.659404140555457,1.0050261203907414,0,1.0
2025-10-16 13:00:00+00:00,1.1661807298660278,1.3420838117599487,-0.1415268931283642,-0.6054900535248522,1.0035261612073108,0,1.0
2025-10-16 14:00:00+00:00,1.1680878400802612,1.3434358835220337,-0.14039676986409855,-0.5750712757050818,1.0018102217069993,0,1.0
2025-10-16 15:00:00+00:00,1.1668611764907837,1.3422818183898926,-0.140082913369256,-0.5621815379998168,1.0000994890856962,0,1.0
2025-10-16 16:00:00+00:00,1.1680878400802612,1.3427504301071167,-0.138927992020564,-0.5309440679930267,0.9985613773289213,0,1.0
2025-10-16 17:00:00+00:00,1.1691803932189941,1.3437789678573608,-0.13835781423093566,-0.512344215559739,0.9972080848773258,0,1.0
2025-10-16 18:00:00+00:00,1.1694538593292236,1.343652606010437,-0.1376729959061479,-0.49112795594665754,0.9959989327522147,0,1.0
2025-10-16 19:00:00+00:00,1.1693171262741089,1.343508243560791,-0.1372394918035202,-0.4753632933551309,0.9944972775135859,0,1.0
2025-10-16 20:00:00+00:00,1.1691803932189941,1.3433637619018555,-0.1368649182830863,-0.46082875153240715,0.9931944651709493,0,1.0
2025-10-16 21:00:00+00:00,1.1691803932189941,1.3437789678573608,-0.13660536187266423,-0.4487916259908011,0.9912773344474132,0,1.0
2025-10-16 22:00:00+00:00,1.1697274446487427,1.3438512086868286,-0.13585474885055532,-0.4256077554183266,0.9901400298714018,0,1.0
2025-10-16 23:00:00+00:00,1.1702749729156494,1.3444656133651733,-0.135322235114783,-0.40722633273656533,0.9883929596363495,0,1.0
2025-10-17 00:00:00+00:00,1.1710972785949707,1.3448452949523926,-0.13411544905220396,-0.37329786996841624,0.9857486321622626,0,1.0
2025-10-17 01:00:00+00:00,1.1704120635986328,1.3438873291015625,-0.13317833410855653,-0.3453314593769303,0.9829744045795905,0,1.0
2025-10-17 02:00:00+00:00,1.1709601879119873,1.34442937374115,-0.13258411884898902,-0.3251416734507997,0.9812093544818038,0,1.0
2025-10-17 03:00:00+00:00,1.1712344884872437,1.3448632955551147,-0.13233278147489444,-0.31280784062838096,0.9800829278386557,0,1.0
2025-10-17 04:00:00+00:00,1.1713716983795166,1.3452250957489014,-0.13231362090321505,-0.30587813797710256,0.9795243662845382,0,1.0
2025-10-17 05:00:00+00:00,1.1726078987121582,1.346819519996643,-0.13249963546748486,-0.30386850685162686,0.9797947689107558,0,1.0
2025-10-17 06:00:00+00:00,1.1713716983795166,1.3456233739852905,-0.1324217817423867,-0.2956137264942079,0.978911943730603,0,1.0
2025-10-17 07:00:00+00:00,1.1715089082717896,1.343273639678955,-0.13056096859240143,-0.24472777419838104,0.9788007689149444,0,1.0
2025-10-17 08:00:00+00:00,1.1701380014419556,1.3425341844558716,-0.1308885767050799,-0.24620369587984797,0.9777676403754102,0,1.0
2025-10-17 09:00:00+00:00,1.1704120635986328,1.343652606010437,-0.1311872076686522,-0.247094690577757,0.9768150401100043,0,1.0
2025-10-17 10:00:00+00:00,1.1693171262741089,1.343508243560791,-0.13160189722003887,-0.2509137165490014,0.9754051860240409,0,1.0
2025-10-17 11:00:00+00:00,1.168770432472229,1.343508243560791,-0.1314782567614349,-0.24163469499365667,0.9734027688533473,0,1.0
2025-10-17 12:00:00+00:00,1.1679514646530151,1.3413456678390503,-0.13010600782697282,-0.20173859228729651,0.9716828137555225,0,1.0
2025-10-17 13:00:00+00:00,1.1672697067260742,1.3402670621871948,-0.1292670123841045,-0.17487855037836883,0.9694933662400405,0,1.0
2025-10-17 14:00:00+00:00,1.1671334505081177,1.3392976522445679,-0.12797638881495402,-0.13680751088466392,0.9670771832411748,0,1.0
2025-10-17 15:00:00+00:00,1.1675423383712769,1.3421016931533813,-0.1288980348400265,-0.15381623123336383,0.9645258388576631,0,1.0
2025-10-17 16:00:00+00:00,1.1675423383712769,1.3416335582733154,-0.1278545968081371,-0.12182687789465743,0.962120344882692,0,1.0
2025-10-17 17:00:00+00:00,1.1671334505081177,1.341813564300537,-0.1275480152490395,-0.10837136008653485,0.9594473019965906,0,1.0
2025-10-17 18:00:00+00:00,1.1671334505081177,1.3434358835220337,-0.12784931257741952,-0.11033753144106863,0.9565410249660505,0,1.0
2025-10-17 19:00:00+00:00,1.1674060821533203,1.3437248468399048,-0.12698451129119648,-0.08280882695849932,0.9537081482135992,0,1.0
2025-10-17 20:00:00+00:00,1.1657729148864746,1.3425521850585938,-0.12661963912921156,-0.06795928008511858,0.9505436867837432,0,1.0
2025-10-17 21:00:00+00:00,1.1655012369155884,1.342570185661316,-0.12574321736205335,-0.04010544266625655,0.9467341387484488,0,1.0
2025-10-19 23:00:00+00:00,1.1661807298660278,1.3425521850585938,-0.12384264222764396,0.014134553222115417,0.9423038305092326,0,1.0
2025-10-20 00:00:00+00:00,1.1669973134994507,1.3434721231460571,-0.12249353474555943,0.05427911757503918,0.9379192071832605,0,1.0
2025-10-20 01:00:00+00:00,1.1664528846740723,1.3433096408843994,-0.12151094455513312,0.08497736064049377,0.9333932349343077,0,1.0
2025-10-20 02:00:00+00:00,1.1669973134994507,1.3436164855957031,-0.12000728199926383,0.1291703207498929,0.929160442517275,0,1.0
2025-10-20 03:00:00+00:00,1.1671334505081177,1.3440136909484863,-0.11870882297183596,0.1680315928026276,0.9242343466646793,0,1.0
2025-10-20 04:00:00+00:00,1.1675423383712769,1.3436707258224487,-0.11691874404583474,0.21961630238033977,0.9201588292038742,0,1.0
2025-10-20 05:00:00+00:00,1.1676785945892334,1.3440680503845215,-0.11575000670648136,0.2549318789067428,0.9156810195808327,0,1.0
2025-10-20 06:00:00+00:00,1.1661807298660278,1.3417595624923706,-0.1141724421673721,0.3009040756663148,0.9113028910845081,0,1.0
2025-10-20 07:00:00+00:00,1.1665889024734497,1.3417235612869263,-0.11274379370362281,0.3428414254973633,0.9077164585332423,0,1.0
2025-10-20 08:00:00+00:00,1.1667250394821167,1.3427865505218506,-0.11225852079911067,0.35974021528526307,0.9040270478286323,0,1.0
2025-10-20 09:00:00+00:00,1.1665889024734497,1.3428946733474731,-0.11124885584792538,0.39031012235845935,0.8999597702710206,0,1.0
2025-10-20 10:00:00+00:00,1.1657729148864746,1.340985894203186,-0.10955236840570673,0.43884936473691394,0.8961558432229425,0,1.0
2025-10-20 11:00:00+00:00,1.1659088134765625,1.3412017822265625,-0.10835247088144129,0.47421380744237174,0.8919741853901103,0,1.0
2025-10-20 12:00:00+00:00,1.1656370162963867,1.3427144289016724,-0.10813109864137477,0.48361275126971826,0.8870200590994607,0,1.0
2025-10-20 13:00:00+00:00,1.1652295589447021,1.3405184745788574,-0.10625742618811007,0.5370076201353654,0.8843877377631063,0,1.0
2025-10-20 14:00:00+00:00,1.1656370162963867,1.341687560081482,-0.10574518561431157,0.5539138537254205,0.8812115437351896,0,1.0
2025-10-20 15:00:00+00:00,1.1659088134765625,1.342065691947937,-0.10462763754565085,0.5869426206121684,0.8773615045800894,0,1.0
2025-10-20 16:00:00+00:00,1.1653653383255005,1.3416335582733154,-0.10359332891349637,0.6176353378802548,0.873217042108107,0,1.0
2025-10-20 17:00:00+00:00,1.164686679840088,1.3402670621871948,-0.10217859776116908,0.6584358770972744,0.8694358099041923,0,1.0
2025-10-20 18:00:00+00:00,1.164958119392395,1.3409678936004639,-0.10133408785430773,0.683785211373972,0.8658024688848225,0,1.0
2025-10-20 19:00:00+00:00,1.1644154787063599,1.3406982421875,-0.100583722616027,0.7065198166783956,0.8622479299507942,0,1.0
2025-10-20 20:00:00+00:00,1.1645511388778687,1.340572476387024,-0.09990442474819117,0.7268412446380155,0.8606037229815503,0,1.0
2025-10-20 21:00:00+00:00,1.1648223400115967,1.3408420085906982,-0.10015325383417081,0.7215166735827261,0.8616561308664651,0,1.0
2025-10-20 22:00:00+00:00,1.164958119392395,1.3404465913772583,-0.09986474222293537,0.7307197431564723,0.8619366398632959,0,1.0
2025-10-20 23:00:00+00:00,1.164686679840088,1.3405184745788574,-0.10025964576410798,0.7213212889662968,0.862331278667703,0,1.0
2025-10-21 00:00:00+00:00,1.1656370162963867,1.341489553451538,-0.100040800793816,0.7284436931450458,0.8622370923757331,0,1.0
2025-10-21 01:00:00+00:00,1.1648223400115967,1.3400874137878418,-0.09963381392404949,0.7406418198144219,0.861538675392734,0,1.0
2025-10-21 02:00:00+00:00,1.1637378931045532,1.33931565284729,-0.0996857405387325,0.7403764937181851,0.860227064217345,0,1.0
2025-10-21 03:00:00+00:00,1.1637378931045532,1.3393335342407227,-0.09935429313253333,0.7504071257591629,0.8590533302754337,0,1.0
2025-10-21 04:00:00+00:00,1.163873314857483,1.339261770248413,-0.0986332547322459,0.7710821933955622,0.8571409342622256,0,1.0
2025-10-21 05:00:00+00:00,1.1629259586334229,1.3375600576400757,-0.09808064585935058,0.7870974785614766,0.8561881889416798,0,1.0
2025-10-21 06:00:00+00:00,1.163602590560913,1.3391362428665161,-0.09806896825220937,0.7885707804305274,0.8546871108524661,0,1.0
2025-10-21 07:00:00+00:00,1.1629259586334229,1.3393694162368774,-0.09854750019771205,0.7768552703614723,0.853824884222664,0,1.0
2025-10-21 08:00:00+00:00,1.162520408630371,1.3380789756774902,-0.09772708533158819,0.8005889594302158,0.8526362289666478,0,1.0
2025-10-21 09:00:00+00:00,1.1623852252960205,1.3385626077651978,-0.09780759653641982,0.7999319064793688,0.851456861048754,0,1.0
2025-10-21 10:00:00+00:00,1.1621150970458984,1.3383656740188599,-0.09759230268821714,0.8074631403142892,0.8503505488582763,0,1.0
2025-10-21 11:00:00+00:00,1.1615750789642334,1.3385089635849,-0.09771749004703217,0.8059002594641179,0.8488735013901638,0,1.0
2025-10-21 12:00:00+00:00,1.161440134048462,1.3387060165405273,-0.09759691395777167,0.811146831121892,0.8476334840058345,0,1.0
2025-10-21 13:00:00+00:00,1.1615750789642334,1.3376494646072388,-0.09659805950432054,0.840483759276352,0.846899835550769,0,1.0
2025-10-21 14:00:00+00:00,1.1607661247253418,1.3373095989227295,-0.09695276952558776,0.8330574474104276,0.8464637368405197,0,1.0
2025-10-21 15:00:00+00:00,1.1618449687957764,1.3389211893081665,-0.09700746403641317,0.8339876457828167,0.8463411750851905,0,1.0
2025-10-21 16:00:00+00:00,1.16130530834198,1.3374348878860474,-0.09642120929562636,0.8527429203439802,0.8459600090964341,0,1.0
2025-10-21 17:00:00+00:00,1.1607661247253418,1.3372917175292969,-0.09664395083121402,0.849542235199878,0.8454401551116207,0,1.0
2025-10-21 18:00:00+00:00,1.1609008312225342,1.3373095989227295,-0.09643413575994433,0.8583640090647662,0.8450786440042533,0,1.0
2025-10-21 19:00:00+00:00,1.1603620052337646,1.3372023105621338,-0.09664969157167622,0.8556243966407772,0.8444561096159552,0,1.0
2025-10-21 20:00:00+00:00,1.1603620052337646,1.3369520902633667,-0.09640627615824537,0.8656246020949669,0.8441620795884377,0,1.0
2025-10-21 21:00:00+00:00,1.1607661247253418,1.3370234966278076,-0.09593299233683222,0.8820491239083642,0.8435762230812858,0,1.0
2025-10-21 22:00:00+00:00,1.1603620052337646,1.3368626832962036,-0.09635873468565789,0.8734858373368318,0.8441927784957768,0,1.0
2025-10-21 23:00:00+00:00,1.1602274179458618,1.3365589380264282,-0.09673639231521702,0.8663125951579909,0.8457560149583458,0,1.0
2025-10-22 00:00:00+00:00,1.1607661247253418,1.3371844291687012,-0.09642253683331331,0.8788283579502635,0.8449115898091942,0,1.0
2025-10-22 01:00:00+00:00,1.1609008312225342,1.3371307849884033,-0.09607015017626977,0.8924945111975374,0.8442147590775569,0,1.0
2025-10-22 02:00:00+00:00,1.161170482635498,1.3377567529678345,-0.09598299341330055,0.8986848205723293,0.8433555442778308,0,1.0
2025-10-22 03:00:00+00:00,1.1610356569290161,1.337470531463623,-0.09582084150548337,0.9068603824877424,0.8430191733464629,0,1.0
2025-10-22 04:00:00+00:00,1.16130530834198,1.3379716873168945,-0.09592489631063736,0.9076553319945768,0.8430894278039437,0,1.0
2025-10-22 05:00:00+00:00,1.1617100238800049,1.3383476734161377,-0.09571958731975591,0.9175970027483116,0.8427677304493371,0,1.0
2025-10-22 06:00:00+00:00,1.16130530834198,1.3335288763046265,-0.09273878138258801,1.0056658536447918,0.8417624918701149,0,1.0
2025-10-22 07:00:00+00:00,1.1603620052337646,1.3323208093643188,-0.09245871945662859,1.017901408042279,0.8406132004378679,0,1.0
2025-10-22 08:00:00+00:00,1.160092830657959,1.3321255445480347,-0.09232856496697725,1.0260030887150702,0.8397799822409509,0,1.0
2025-10-22 09:00:00+00:00,1.1598236560821533,1.3319659233093262,-0.09227446453182253,1.0319851232334873,0.8391327827280254,0,1.0
2025-10-22 10:00:00+00:00,1.1588828563690186,1.3313452005386353,-0.09246332215009892,1.0313771816321287,0.8383239305828117,0,1.0
2025-10-22 11:00:00+00:00,1.1586142778396606,1.3328534364700317,-0.09396899168888093,0.9933375444118459,0.8394540734133961,0,1.0
2025-10-22 12:00:00+00:00,1.1586142778396606,1.332480549812317,-0.09386857648578789,1.0015001878873881,0.8399225343672844,0,1.0
2025-10-22 13:00:00+00:00,1.1598236560821533,1.3342229127883911,-0.09410758021440987,1.0000865245640178,0.840563081875075,0,1.0
2025-10-22 14:00:00+00:00,1.161440134048462,1.3355414867401123,-0.09367974379484531,1.0177955119890594,0.8410283756230313,0,1.0
2025-10-22 15:00:00+00:00,1.161440134048462,1.3371129035949707,-0.09488007309010948,0.9881283563795513,0.8417558659858853,0,1.0
2025-10-22 16:00:00+00:00,1.16225004196167,1.3372201919555664,-0.09447745173875732,1.0043474568773922,0.8425367781300994,0,1.0
2025-10-22 17:00:00+00:00,1.1618449687957764,1.336023211479187,-0.09431788123446808,1.0132906717804562,0.8433871758088106,0,1.0
2025-10-22 18:00:00+00:00,1.16130530834198,1.335594892501831,-0.09472592621549017,1.005364923545074,0.8441262752372959,0,1.0
2025-10-22 19:00:00+00:00,1.1609008312225342,1.3357375860214233,-0.09540171773267961,0.989347170027957,0.844945854810036,0,1.0
2025-10-22 20:00:00+00:00,1.161440134048462,1.3356484174728394,-0.09520353952890936,0.9985003056407276,0.8460607742622873,0,1.0
2025-10-22 21:00:00+00:00,1.1617100238800049,1.3356484174728394,-0.0955216938736953,0.9929285476131045,0.8479628834459545,0,1.0
2025-10-22 22:00:00+00:00,1.1615750789642334,1.3356841802597046,-0.09634958071902838,0.9723132289262252,0.8503433643811562,0,1.0
2025-10-22 23:00:00+00:00,1.1610356569290161,1.3351134061813354,-0.0970585003761604,0.9553213226807847,0.8524466227008284,0,1.0
2025-10-23 00:00:00+00:00,1.1607661247253418,1.3345967531204224,-0.0973986476231907,0.9499055774427122,0.8539638289983404,0,1.0
2025-10-23 01:00:00+00:00,1.160092830657959,1.333991527557373,-0.09802329484962394,0.9363812210906078,0.8554621777347065,0,1.0
2025-10-23 02:00:00+00:00,1.1599582433700562,1.333742380142212,-0.09861416272393728,0.924380146689455,0.8576658574426202,0,1.0
2025-10-23 03:00:00+00:00,1.15968918800354,1.3333688974380493,-0.09964106338905873,0.9000741074220308,0.86126367510308,0,1.0
2025-10-23 04:00:00+00:00,1.1602274179458618,1.3339558839797974,-0.100665210158869,0.8761521512107344,0.8651126774183923,0,1.0
2025-10-23 05:00:00+00:00,1.160496711730957,1.3347570896148682,-0.10138338350620538,0.8612600511241865,0.8666046270968747,0,1.0
2025-10-23 06:00:00+00:00,1.1598236560821533,1.335024356842041,-0.10255226427007288,0.8326782183688037,0.868041666519228,0,1.0
2025-10-23 07:00:00+00:00,1.1603620052337646,1.3351491689682007,-0.10239299739841354,0.8439541672884131,0.868815392926434,0,1.0
2025-10-23 08:00:00+00:00,1.1599582433700562,1.3349887132644653,-0.10296210930206631,0.833493575686955,0.8699420198065628,0,1.0
2025-10-23 09:00:00+00:00,1.15968918800354,1.3349530696868896,-0.1036296063425757,0.8202849601838641,0.8715299429459711,0,1.0
2025-10-23 10:00:00+00:00,1.159151554107666,1.333760142326355,-0.10378885790779149,0.8227547329315215,0.8731781890145598,0,1.0
2025-10-23 11:00:00+00:00,1.1590172052383423,1.3336178064346313,-0.10430066890596215,0.8145994242473726,0.8748770355398191,0,1.0
2025-10-23 12:00:00+00:00,1.1603620052337646,1.3344365358352661,-0.10404182650112007,0.8302417032674038,0.8761381467094567,0,1.0
2025-10-23 13:00:00+00:00,1.1610356569290161,1.3327114582061768,-0.10219399669335147,0.8949885601522667,0.8756712677862285,0,1.0
2025-10-23 14:00:00+00:00,1.1615750789642334,1.332196593284607,-0.10102998205249489,0.938556694858915,0.8744121353868464,0,1.0
2025-10-23 15:00:00+00:00,1.161440134048462,1.3321433067321777,-0.10069616572053475,0.9562304294653183,0.8729650066150918,0,1.0
2025-10-23 16:00:00+00:00,1.1610356569290161,1.3313097953796387,-0.09996103205805576,0.9863799142436666,0.871088207379386,0,1.0
2025-10-23 17:00:00+00:00,1.161440134048462,1.331770658493042,-0.09943382002906093,1.009823645626315,0.8694115036701343,0,1.0
2025-10-23 18:00:00+00:00,1.1621150970458984,1.3323917388916016,-0.09875575670743583,1.0379982756696235,0.8676606564872021,0,1.0
2025-10-23 19:00:00+00:00,1.1619800329208374,1.332480549812317,-0.09850798944113898,1.052214604524078,0.866191085814819,0,1.0
2025-10-23 20:00:00+00:00,1.1621150970458984,1.3326935768127441,-0.09791367118015631,1.0767135369978695,0.8640443124644167,0,1.0
2025-10-23 21:00:00+00:00,1.1621150970458984,1.3325693607330322,-0.0971936254709419,1.1045099385772892,0.8618169098942348,0,1.0
2025-10-23 22:00:00+00:00,1.1621150970458984,1.3327114582061768,-0.09668223434589737,1.1246351937682035,0.8597164478179685,0,1.0
2025-10-23 23:00:00+00:00,1.1621150970458984,1.332746982574463,-0.09625638661576727,1.1412667716600642,0.8581541294815604,0,1.0
2025-10-24 00:00:00+00:00,1.1621150970458984,1.333066701889038,-0.0960239895372654,1.151072765804085,0.8566297239910984,0,1.0
2025-10-24 01:00:00+00:00,1.16130530834198,1.3321788311004639,-0.0956990222273568,1.1628922263839232,0.8550562515386699,0,1.0
2025-10-24 02:00:00+00:00,1.161170482635498,1.331894874572754,-0.09524821910060333,1.178016777541467,0.8537142124972814,0,1.0
2025-10-24 03:00:00+00:00,1.16130530834198,1.3325871229171753,-0.09520240453457629,1.1792442971686392,0.8524140362920988,0,1.0
2025-10-24 04:00:00+00:00,1.161170482635498,1.3321433067321777,-0.09425406353462026,1.2084297836370674,0.84969251208005,0,1.0
2025-10-24 05:00:00+00:00,1.1609008312225342,1.3318772315979004,-0.09314001422550236,1.2411321520472658,0.84558709118255,0,1.0
2025-10-24 06:00:00+00:00,1.1617100238800049,1.333191156387329,-0.09251439355313701,1.2572070429765645,0.8429352544624756,0,1.0
2025-10-24 07:00:00+00:00,1.16225004196167,1.331611156463623,-0.08967045042705721,1.342645829033518,0.8381179483938301,0,1.0
2025-10-24 08:00:00+00:00,1.161440134048462,1.3321788311004639,-0.08954732522882952,1.3398634905941509,0.834012763396399,0,1.0
2025-10-24 09:00:00+00:00,1.1615750789642334,1.3322319984436035,-0.08846076790293117,1.366891445908154,0.8305139267628504,0,1.0
2025-10-24 10:00:00+00:00,1.1615750789642334,1.3318239450454712,-0.08711062333778699,1.4011841350546448,0.826690066036827,0,1.0
2025-10-24 11:00:00+00:00,1.1618449687957764,1.3306188583374023,-0.08445554282530282,1.4750177119771688,0.8208282303533715,0,1.0
2025-10-24 12:00:00+00:00,1.1637378931045532,1.3345433473587036,-0.08455070352579622,1.4614728317084584,0.8184224257668202,0,1.0
2025-10-24 13:00:00+00:00,1.1629259586334229,1.3338490724563599,-0.0840078468589893,1.4675620138726537,0.8155935409119913,0,1.0
2025-10-24 14:00:00+00:00,1.1629259586334229,1.3301055431365967,-0.07946988358871912,1.5962659550246103,0.8077209152590984,-1,1.0
2025-10-24 15:00:00+00:00,1.1629259586334229,1.329681158065796,-0.07664287303293998,1.6690174740313601,0.7987040541696883,-1,-1.0
2025-10-24 16:00:00+00:00,1.1629259586334229,1.3295927047729492,-0.07406520394569605,1.7317728011256575,0.7898420742314606,-1,-1.0
2025-10-24 17:00:00+00:00,1.163061261177063,1.3303357362747192,-0.07230997113922868,1.7675245914933702,0.7825542757483874,-1,-1.0
2025-10-24 18:00:00+00:00,1.1629259586334229,1.3304595947265625,-0.07059564572128366,1.8005784708301047,0.7758875253772123,-1,-1.0
2025-10-24 19:00:00+00:00,1.1634671688079834,1.331221103668213,-0.06873183436070338,1.8366805798526014,0.7694474041172726,-1,-1.0
2025-10-24 20:00:00+00:00,1.1629259586334229,1.3313097953796387,-0.06791241731238545,1.8405972031699844,0.7647788887265966,-1,-1.0
2025-10-24 21:00:00+00:00,1.1631964445114136,1.3313628435134888,-0.06641162049193794,1.8641430472097007,0.7602411802833994,-1,-1.0
2025-10-27 00:00:00+00:00,1.163873314857483,1.3324627876281738,-0.06528394297160808,1.8758932823608498,0.7561517762371157,-1,-1.0
2025-10-27 01:00:00+00:00,1.1642799377441406,1.3329423666000366,-0.06435491730069023,1.8813876452074056,0.7531877746204828,-1,-1.0
2025-10-27 02:00:00+00:00,1.1634671688079834,1.3323917388916016,-0.06463477635737588,1.8518325033451974,0.7528139732807225,-1,-1.0
2025-10-27 03:00:00+00:00,1.163061261177063,1.3321788311004639,-0.06395693451478776,1.8503895514079844,0.7496534928860601,-1,-1.0
2025-10-27 04:00:00+00:00,1.1627906560897827,1.3316465616226196,-0.0631270787719301,1.8531861018448312,0.7469896539937498,-1,-1.0
2025-10-27 05:00:00+00:00,1.1629259586334229,1.3320722579956055,-0.06250326917274981,1.8499831503288557,0.7443872124676254,-1,-1.0
2025-10-27 06:00:00+00:00,1.1629259586334229,1.3324095010757446,-0.06169699422988009,1.8519802389502589,0.7409211944046282,-1,-1.0
2025-10-27 07:00:00+00:00,1.1623852252960205,1.3316643238067627,-0.060969982205760276,1.8516962910726464,0.738206371366849,-1,-1.0
2025-10-27 08:00:00+00:00,1.1633317470550537,1.332800269126892,-0.060001766677490936,1.8582277650329033,0.7354784069829995,-1,-1.0
2025-10-27 09:00:00+00:00,1.1641442775726318,1.3345789909362793,-0.05983668430170261,1.8425113564658964,0.7339269623225362,-1,-1.0
2025-10-27 10:00:00+00:00,1.1645511388778687,1.334507703781128,-0.05901711901501952,1.8452706858366674,0.7324335998054621,-1,-1.0
2025-10-27 11:00:00+00:00,1.164958119392395,1.3350600004196167,-0.058636342485509724,1.8361088944808812,0.7312763274618566,-1,-1.0
2025-10-27 12:00:00+00:00,1.1644154787063599,1.3347392082214355,-0.05864706943997322,1.8164976999546152,0.7303084882905976,-1,-1.0
2025-10-27 13:00:00+00:00,1.163873314857483,1.3334221839904785,-0.05787290661616559,1.8187880719054206,0.7285051434731519,-1,-1.0
2025-10-27 14:00:00+00:00,1.1642799377441406,1.3331022262573242,-0.05647500316088189,1.8381228948162402,0.7254660475445435,-1,-1.0
2025-10-27 15:00:00+00:00,1.163873314857483,1.3329423666000366,-0.05599721741413469,1.8324329622720876,0.7228908071030482,-1,-1.0
2025-10-27 16:00:00+00:00,1.1641442775726318,1.3335111141204834,-0.05546948031334906,1.8284881733827512,0.7207945521889942,-1,-1.0
2025-10-27 17:00:00+00:00,1.1641442775726318,1.3334044218063354,-0.05480657789260859,1.8284525411094916,0.7186911252194763,-1,-1.0
2025-10-27 18:00:00+00:00,1.1655012369155884,1.3339024782180786,-0.05322784720154458,1.8530394707287985,0.7163233448259282,-1,-1.0
2025-10-27 19:00:00+00:00,1.164958119392395,1.3335466384887695,-0.05277674993940082,1.847209553288749,0.7138008344635465,-1,-1.0
2025-10-27 20:00:00+00:00,1.164686679840088,1.333742380142212,-0.052496828708900045,1.836970513497531,0.7116558967991825,-1,-1.0
2025-10-27 21:00:00+00:00,1.164958119392395,1.333777904510498,-0.0516276738559541,1.8426502279587398,0.7093814396785598,-1,-1.0
2025-10-27 22:00:00+00:00,1.1653653383255005,1.3339736461639404,-0.050602107550240444,1.8524503165199002,0.7066740409805724,-1,-1.0
2025-10-27 23:00:00+00:00,1.1655012369155884,1.334115982055664,-0.04954265525812221,1.8631286615186031,0.7031417725546181,-1,-1.0
2025-10-28 00:00:00+00:00,1.1659088134765625,1.3350778818130493,-0.04908935796762712,1.8577624798371646,0.7010294426916176,-1,-1.0
2025-10-28 01:00:00+00:00,1.16604483127594,1.3351848125457764,-0.048217334047589766,1.8639174574411443,0.6982221139202821,-1,-1.0
2025-10-28 02:00:00+00:00,1.1657729148864746,1.334935188293457,-0.04708280683156155,1.8773799637571882,0.6939394106097069,-1,-1.0
2025-10-28 03:00:00+00:00,1.1663167476654053,1.3356484174728394,-0.04593938434024558,1.8911993055325431,0.6903194059404536,-1,-1.0
2025-10-28 04:00:00+00:00,1.1668611764907837,1.3366303443908691,-0.045294024321862414,1.891926504945851,0.6879551591403049,-1,-1.0
2025-10-28 05:00:00+00:00,1.1667250394821167,1.336290955543518,-0.04404709225008949,1.9088899946375875,0.6838540425036354,-1,-1.0
2025-10-28 06:00:00+00:00,1.1659088134765625,1.3352917432785034,-0.043197368558476085,1.9151022363173205,0.680264165218813,-1,-1.0
2025-10-28 07:00:00+00:00,1.1657729148864746,1.3335645198822021,-0.040861532231845216,1.9601652811044352,0.6748034380465159,-1,-1.0
2025-10-28 08:00:00+00:00,1.1657729148864746,1.3307960033416748,-0.036605609922991444,2.054544701313305,0.6648181941080654,-1,-1.0
2025-10-28 09:00:00+00:00,1.16604483127594,1.3317352533340454,-0.03432556536826353,2.095899615743535,0.6560362630202202,-1,-1.0
2025-10-28 10:00:00+00:00,1.1667250394821167,1.3325515985488892,-0.03178309987260286,2.143278177383766,0.6478114351617311,-1,-1.0
2025-10-28 11:00:00+00:00,1.1661807298660278,1.3308314085006714,-0.028479185065336365,2.209348674649016,0.637546522211101,-1,-1.0
2025-10-28 12:00:00+00:00,1.1644154787063599,1.3285152912139893,-0.02548668101215798,2.2658663649966435,0.6255884610612772,-1,-1.0
2025-10-28 13:00:00+00:00,1.1644154787063599,1.3259961605072021,-0.019274791654708023,2.4032825237084117,0.6077813613574686,-1,-1.0
2025-10-28 14:00:00+00:00,1.1663167476654053,1.3277391195297241,-0.0137013859359085,2.5200928052144613,0.5910593948254173,-1,-1.0
2025-10-28 15:00:00+00:00,1.1661807298660278,1.327703833580017,-0.009294634057513573,2.603723226931905,0.5751565685457277,-1,-1.0
2025-10-28 16:00:00+00:00,1.1669973134994507,1.3289742469787598,-0.005461834230965329,2.6696703342947465,0.562207187519981,-1,-1.0
2025-10-28 17:00:00+00:00,1.1665889024734497,1.3277391195297241,-0.001199267457227704,2.7432844287613043,0.5477797819575542,-1,-1.0
2025-10-28 18:00:00+00:00,1.1665889024734497,1.3280036449432373,0.002400719788339195,2.7970625559431976,0.5347046535855279,-1,-1.0
2025-10-28 19:00:00+00:00,1.1656370162963867,1.3273338079452515,0.005138614282413578,2.826850407631725,0.5231060090227686,-1,-1.0
2025-10-28 20:00:00+00:00,1.1656370162963867,1.3271929025650024,0.008608994625516314,2.872875153241164,0.5110422329678039,-1,-1.0
2025-10-28 21:00:00+00:00,1.1656370162963867,1.3274747133255005,0.01247610702960833,2.9225127369310844,0.4970079361004065,-1,-1.0
2025-10-28 22:00:00+00:00,1.1653653383255005,1.3271929025650024,0.017351695834744718,2.991700156200937,0.47933302964054053,-1,-1.0
2025-10-28 23:00:00+00:00,1.1659088134765625,1.3276863098144531,0.02222105807174979,3.0561604346425875,0.4631697582125004,-1,-1.0
2025-10-29 00:00:00+00:00,1.1657729148864746,1.32722806930542,0.027125073047914533,3.115255169180853,0.44599977624121184,-1,-1.0
2025-10-29 01:00:00+00:00,1.1650937795639038,1.326470971107483,0.03189557016616683,3.165728006020392,0.4279525367376894,-1,-1.0
2025-10-29 02:00:00+00:00,1.164958119392395,1.326400637626648,0.03682228503903924,3.2147222600991334,0.41017902143929835,-1,-1.0
2025-10-29 03:00:00+00:00,1.1640088558197021,1.3252581357955933,0.041052264800365126,3.242549703230778,0.39351859252258176,-1,-1.0
2025-10-29 04:00:00+00:00,1.1637378931045532,1.3251352310180664,0.0444383244188869,3.248347233385311,0.38079323066390486,-1,-1.0
2025-10-29 05:00:00+00:00,1.1634671688079834,1.323539137840271,0.04783324596514636,3.2519374006860833,0.36948911333319945,-1,-1.0
2025-10-29 06:00:00+00:00,1.1633317470550537,1.3226639032363892,0.05080584118153818,3.245043333765431,0.35931710773722514,-1,-1.0
2025-10-29 07:00:00+00:00,1.163602590560913,1.322873830795288,0.053735960545592876,3.2361052410486035,0.34947332647043505,-1,-1.0
2025-10-29 08:00:00+00:00,1.1627906560897827,1.3210911750793457,0.05617838261072203,3.216762550154687,0.339887727340211,-1,-1.0
2025-10-29 09:00:00+00:00,1.1645511388778687,1.3221917152404785,0.060750371006714196,3.2400003258076353,0.32792118338620485,-1,-1.0
2025-10-29 10:00:00+00:00,1.1650937795639038,1.3219120502471924,0.06485977177246599,3.2508199956151675,0.3151141535736343,-1,-1.0
2025-10-29 11:00:00+00:00,1.1642799377441406,1.3218945264816284,0.06702123903424231,3.221427901048456,0.30487981853412083,-1,-1.0
2025-10-29 12:00:00+00:00,1.1637378931045532,1.3203237056732178,0.0697641918352512,3.2037233365949898,0.29463745689340226,-1,-1.0
2025-10-29 13:00:00+00:00,1.1640088558197021,1.3206725120544434,0.07270727708433368,3.189622231654688,0.28461340076002234,-1,-1.0
2025-10-29 14:00:00+00:00,1.1653653383255005,1.3226639032363892,0.07625915424936494,3.186336714096839,0.27454346356051224,-1,-1.0
2025-10-29 15:00:00+00:00,1.1667250394821167,1.3242402076721191,0.07984866429221013,3.1825190405307464,0.26474985095247616,-1,-1.0
2025-10-29 16:00:00+00:00,1.1661807298660278,1.3227863311767578,0.08233397201656843,3.15797789819384,0.25523704028224536,-1,-1.0
2025-10-29 17:00:00+00:00,1.1650937795639038,1.3226114511489868,0.0834152281095529,3.109578636155813,0.24815568532600793,-1,-1.0
2025-10-29 18:00:00+00:00,1.1598236560821533,1.316187858581543,0.0800419134373285,2.9867394730648043,0.24832993263571054,-1,-1.0
2025-10-29 19:00:00+00:00,1.1603620052337646,1.3194527626037598,0.07977798856441262,2.92393266140204,0.24873662953604928,-1,-1.0
2025-10-29 20:00:00+00:00,1.1603620052337646,1.3195745944976807,0.07959605792662945,2.865667345963806,0.24930986850617978,-1,-1.0
2025-10-29 21:00:00+00:00,1.1606314182281494,1.319591999053955,0.07978796990085342,2.8162184505638947,0.2494431174540364,-1,-1.0
2025-10-29 22:00:00+00:00,1.1606314182281494,1.319400429725647,0.0798233043178244,2.7661528893266203,0.24944629467949045,-1,-1.0
2025-10-29 23:00:00+00:00,1.1606314182281494,1.3195223808288574,0.0797938920530487,2.717080566913252,0.24946922257226628,-1,-1.0
2025-10-30 00:00:00+00:00,1.1615750789642334,1.3204981088638306,0.08074328329781512,2.685880999789219,0.24831434371218042,-1,-1.0
2025-10-30 01:00:00+00:00,1.1617100238800049,1.3206899166107178,0.0811106551254671,2.646799246334864,0.24728156950519206,-1,-1.0
2025-10-30 02:00:00+00:00,1.1621150970458984,1.3204283714294434,0.0820415483570108,2.6180309609235644,0.2453629531452049,-1,-1.0
2025-10-30 03:00:00+00:00,1.1618449687957764,1.3202714920043945,0.0822757106705982,2.579291241719239,0.24378835765571055,-1,-1.0
2025-10-30 04:00:00+00:00,1.163602590560913,1.321719765663147,0.08442832177772475,2.5716065013263574,0.2405322205033431,-1,-1.0
2025-10-30 05:00:00+00:00,1.1627906560897827,1.321038842201233,0.08443403488399699,2.5311228155427843,0.23844980157262113,-1,-1.0
2025-10-30 06:00:00+00:00,1.1623852252960205,1.3203411102294922,0.08462879052874,2.495175705093628,0.2369473665895249,-1,-1.0
2025-10-30 07:00:00+00:00,1.1621150970458984,1.3197487592697144,0.08490023796499219,2.461603491710565,0.23551449063273452,-1,-1.0
2025-10-30 08:00:00+00:00,1.1619800329208374,1.3208295106887817,0.08477969918311003,2.4232913477575355,0.23483715216522244,-1,-1.0
2025-10-30 09:00:00+00:00,1.1619800329208374,1.3189306259155273,0.08548455741612733,2.3985351155236696,0.233511377225204,-1,-1.0
2025-10-30 10:00:00+00:00,1.1610356569290161,1.3176966905593872,0.08504924949039575,2.357716264312379,0.23293437318525365,-1,-1.0
2025-10-30 11:00:00+00:00,1.160092830657959,1.3179224729537964,0.0839656149103652,2.308794794047999,0.23377238756852356,-1,-1.0
2025-10-30 12:00:00+00:00,1.1558021306991577,1.313680648803711,0.07901143945220998,2.2053511426808066,0.24111153839562247,-1,-1.0
2025-10-30 13:00:00+00:00,1.158077597618103,1.3156682252883911,0.07972431270228822,2.1872638219702405,0.24435345762554186,-1,-1.0
2025-10-30 14:00:00+00:00,1.1575413942337036,1.3156510591506958,0.07817933972266607,2.1372601491793635,0.24830867887155822,-1,-1.0
2025-10-30 15:00:00+00:00,1.156738042831421,1.314699649810791,0.07655533098101135,2.0876759395299915,0.25236331268804474,-1,-1.0
2025-10-30 16:00:00+00:00,1.157273530960083,1.3156163692474365,0.07607076021509651,2.055766093892518,0.2551758194940559,-1,-1.0
2025-10-30 17:00:00+00:00,1.1568717956542969,1.315408706665039,0.07483630948697755,2.014169383340614,0.2585591533067719,-1,-1.0
2025-10-30 18:00:00+00:00,1.157139539718628,1.3146650791168213,0.07442075333510087,1.985226731374571,0.2614583851641424,-1,-1.0
2025-10-30 19:00:00+00:00,1.156738042831421,1.314578652381897,0.073097028503657,1.9443393201300996,0.26509210040926806,-1,-1.0
2025-10-30 20:00:00+00:00,1.1568717956542969,1.3149935007095337,0.07227946987503808,1.9115599910165086,0.2681945093214617,-1,-1.0
2025-10-30 21:00:00+00:00,1.157273530960083,1.315408706665039,0.07179540502342543,1.8842365719689358,0.2709178476799983,-1,-1.0
2025-10-30 22:00:00+00:00,1.157139539718628,1.3153740167617798,0.07082784260336536,1.8509498699444675,0.2740512029060436,-1,-1.0
